Ac2(C2O4)3,Ac^3+,C2O4^2-,Ac2(C2O4)3 <=> 2 Ac^3+ + 3 C2O4^2-,2·10-24,23.7,,White,http://qps.ru/FZpUw
Ac(OH)3,Ac^3+,OH^1-,Ac(OH)3  <=>  Ac^3+ + 3 OH^1-,2.1·10-19,18.68,,White,https://ru.wikipedia.org/wiki/%D0%93%D0%B8%D0%B4%D1%80%D0%BE%D0%BA%D1%81%D0%B8%D0%B4_%D0%B0%D0%BA%D1%82%D0%B8%D0%BD%D0%B8%D1%8F(III)
Ac(OH)3,Ac^3+,OH^1-,Ac(OH)3  <=>  Ac^3+ + 3 OH^1-,1.3·10-21,20.89,после старения,White,https://ru.wikipedia.org/wiki/%D0%93%D0%B8%D0%B4%D1%80%D0%BE%D0%BA%D1%81%D0%B8%D0%B4_%D0%B0%D0%BA%D1%82%D0%B8%D0%BD%D0%B8%D1%8F(III)
Ag3AsO3,Ag^1+,AsO3^3-,Ag3AsO3 <=> 3 Ag^1+ +  AsO3^3-,4.5·10-19,18.35,,Light yellow,https://ru.wikipedia.org/wiki/%D0%9E%D1%80%D1%82%D0%BE%D0%B0%D1%80%D1%81%D0%B5%D0%BD%D0%B8%D1%82_%D1%81%D0%B5%D1%80%D0%B5%D0%B1%D1%80%D0%B0(I)
Ag3AsO4,Ag^1+,AsO4^3-,Ag3AsO4 <=> 3 Ag^1+ +  AsO4^3-,1·10-22,22,,Dark brown,https://en.wikipedia.org/wiki/Silver_arsenate
AgBO2,Ag^1+,BO2^1-,AgBO2 <=>  Ag^1+ +  BO2^1-,4·10-3,2.4,,White,https://pubchem.ncbi.nlm.nih.gov/compound/18518884#section=Information-Sources
AgBr,Ag^1+,Br^1-,AgBr <=>  Ag^1+ +  Br^1-,5.3·10-13,12.28,,Pale yellow,https://en.wikipedia.org/wiki/Silver_bromide
AgBrO3,Ag^1+,BrO3^1-,AgBrO3 <=>  Ag^1+ +  BrO3^1-,5.5·10-5,4.26,,White,https://en.wikipedia.org/wiki/Silver_bromate
AgC2H3O2,Ag^1+,C2H3O2^1-,AgC2H3O2 <=>  Ag^1+ +  C2H3O2^1-,4·10-3,2.4,,Slightly grayish,https://en.wikipedia.org/wiki/Silver_acetate
AgCN,Ag^1+,CN^1-,AgCN <=>  Ag^1+ +  CN^1-,1.4·10-16,15.84,,White,https://en.wikipedia.org/wiki/Silver_cyanide
Ag2CO3,Ag^1+,CO3^2-,Ag2CO3 <=> 2 Ag^1+ +  CO3^2-,1.2·10-12,11.09,,Light yellow,https://en.wikipedia.org/wiki/Silver_carbonate
Ag2C2O4,Ag^1+,C2O4^2-,Ag2C2O4 <=> 2 Ag^1+ +  C2O4^2-,3.5·10-11,10.46,,White,https://en.wikipedia.org/wiki/Silver_oxalate
AgCl,Ag^1+,Cl^1-,AgCl <=>  Ag^1+ +  Cl^1-,1.78·10-10,9.75,,White,https://en.wikipedia.org/wiki/Silver_chloride
AgClO2,Ag^1+,ClO2^1-,AgClO2 <=>  Ag^1+ +  ClO2^1-,2·10-4,3.7,,Yellow,https://ru.wikipedia.org/wiki/%D0%A5%D0%BB%D0%BE%D1%80%D0%B8%D1%82_%D1%81%D0%B5%D1%80%D0%B5%D0%B1%D1%80%D0%B0
AgClO3,Ag^1+,ClO3^1-,AgClO3 <=>  Ag^1+ +  ClO3^1-,5.0·10-2,1.3,,White,https://en.wikipedia.org/wiki/Silver_chlorate
Ag2CrO4,Ag^1+,CrO4^2-,Ag2CrO4 <=> 2 Ag^1+ +  CrO4^2-,1.1·10-12,11.95,,Brown-red,https://en.wikipedia.org/wiki/Silver_chromate
Ag2Cr2O7,Ag^1+,Cr2O7^2-,Ag2Cr2O7 <=> 2 Ag^1+ +  Cr2O7^2-,1·10-10,10,,Ruby red,https://en.wikipedia.org/wiki/Silver_dichromate
Ag3[Co(CN)6],Ag^1+,[Co(CN)6]^3-,Ag3[Co(CN)6] <=> 3 Ag^1+ + [Co(CN)6]^3-,3.9·10^(-26),25.41,,-,-
Ag3[Co(CN)6],"Ag^1+ , Co^3+",CN^1-,Ag3[Co(CN)6] <=> 3 Ag^1+ + [Co(CN)6]^3-,3.9·10^(-26),25.41,,-,-
Ag3[Fe(CN)6],Ag^1+,[Fe(CN^1-)6]^3-,Ag3[Fe(CN)6] <=> 3 Ag^1+ + [Fe(CN^1-)6]^3-,1·10-22,22,,-,-
Ag3[Fe(CN)6],"Ag^1+ , Fe^3+",CN^1-,Ag3[Fe(CN)6] <=> 3 Ag^1+ + [Fe(CN^1-)6]^3-,1·10-22,22,,-,-
Ag4[Fe(CN)6],Ag^1+,[Fe(CN^1-)6]^4-,Ag4[Fe(CN)6] <=> 4 Ag^1+  +  [Fe(CN^1-)6]^4-,8.5·10-45,44.07,,Orange-red,http://iron.atomistry.com/silver_ferrocyanide.html
Ag4[Fe(CN)6],"Ag^1+ , Fe^2+",CN^1-,Ag4[Fe(CN)6] <=> 4 Ag^1+  +  [Fe(CN^1-)6]^4-,8.5·10-45,44.07,,Orange-red,http://iron.atomistry.com/silver_ferrocyanide.html
Ag2HVO4,Ag^1+,HVO4^2-,Ag2HVO4 <=> 2 Ag^1+ +  HVO4^2-,2·10-14,13.7,,-,-
Ag2HVO4,"Ag^1+ , H^1+",VO4^3-,Ag2HVO4 <=> 2 Ag^1+ +  HVO4^2-,2·10-14,13.7,,-,-
AgI,Ag^1+,I^1-,AgI <=>  Ag^1+ +  I^1-,8.3·10-17,16.08,,Yellow,https://en.wikipedia.org/wiki/Silver_iodide
AgIO3,Ag^1+,IO3^1-,AgIO3 <=>  Ag^1+ +  IO3^1-,3.0·10-8,7.52,,White,https://en.wikipedia.org/wiki/Silver_iodate
AgMnO4,Ag^1+,MnO4^1-,AgMnO4 <=>  Ag^1+ +  MnO4^1-,1.6·10-3,2.79,,Purple or gray,https://en.wikipedia.org/wiki/Silver_permanganate
Ag2MoO4,Ag^1+,MoO4^2-,Ag2MoO4 <=> 2 Ag^1+ +  MoO4^2-,2.8·10-12,11.55,,Yellow,https://en.wikipedia.org/wiki/Silver_molybdate
AgN3,Ag^1+,N3^1-,AgN3 <=>  Ag^1+ +  N3^1-,2.9·10-9,8.54,,White,https://en.wikipedia.org/wiki/Silver_azide
AgNO2,Ag^1+,NO2^1-,AgNO2 <=>  Ag^1+ +  NO2^1-,6.0·10-4,3.22,,White or yellow,https://en.wikipedia.org/wiki/Silver_nitrite
Ag2O,Ag^1+,O^2-,Ag2O + H2O <=> 2 Ag^1+ + 2 OH^1-,1.6·10-8,7.80,,Black or dark brown,https://en.wikipedia.org/wiki/Silver_oxide
AgOCN,Ag^1+,OCN^1-,AgOCN <=>  Ag^1+ +  OCN^1-,2.3·10-7,6.64,,Beige or gray,https://en.wikipedia.org/wiki/Silver_cyanate
Ag2PO3F,Ag^1+,PO3F^2-,Ag2PO3F <=> 2 Ag^1+ +  PO3F^2-,8.9·10-4,03.05,,-,-
Ag3PO4,Ag^1+,PO4^3-,Ag3PO4 <=> 3 Ag^1+ +  PO4^3-,1.3·10-20,19.89,,Light yellow,https://en.wikipedia.org/wiki/Silver_phosphate
AgReO4,Ag^1+,ReO4^1-,AgReO4 <=>  Ag^1+ +  ReO4^1-,7.95·10-5,4.10,,White,https://en.wikipedia.org/wiki/Silver_perrhenate
Ag2S,Ag^1+,S^2-,Ag2S <=> 2 Ag^1+ +  S^2-,2.0·10-50,49.7,,Grayish-black,https://en.wikipedia.org/wiki/Silver_sulfide
AgSCN,Ag^1+,SCN^1-,AgSCN <=>  Ag^1+ +  SCN^1-,1.1·10-12,11.97,,White,https://en.wikipedia.org/wiki/Silver_thiocyanate
Ag2SO3,Ag^1+,SO3^2-,Ag2SO3 <=> 2 Ag^1+ +  SO3^2-,1.5·10-14,13.82,,White,https://en.wikipedia.org/wiki/Silver_sulfite
AgSO3NH2,Ag^1+,SO3NH2^1-,AgSO3NH2 <=>  Ag^1+ +  SO3NH2^1-,1·10-1,1,,White,https://pubchem.ncbi.nlm.nih.gov/compound/23304053#section=Top
Ag2SO4,Ag^1+,SO4^2-,Ag2SO4 <=> 2 Ag^1+ +  SO4^2-,1.6·10-5,4.80,,White,https://en.wikipedia.org/wiki/Silver_sulfate
AgSeCN,Ag^1+,SeCN^1-,AgSeCN <=>  Ag^1+ +  SeCN^1-,4.0·10-16,15.40,,White,https://pubchem.ncbi.nlm.nih.gov/compound/87872065#section=Top
Ag2SeO3,Ag^1+,SeO3^2-,Ag2SeO3 <=> 2 Ag^1+ +  SeO3^2-,9.8·10-16,15.01,,White,https://en.wikipedia.org/wiki/Silver_selenite
Ag2SeO4,Ag^1+,SeO4^2-,Ag2SeO4 <=> 2 Ag^1+ +  SeO4^2-,5.6·10-8,7.25,,White,https://ru.wikipedia.org/wiki/%D0%A1%D0%B5%D0%BB%D0%B5%D0%BD%D0%B0%D1%82_%D1%81%D0%B5%D1%80%D0%B5%D0%B1%D1%80%D0%B0
AgVO3,Ag^1+,VO3^1-,AgVO3 <=>  Ag^1+ +  VO3^1-,5·10-7,6.3,,White,https://www.chemicalbook.com/ChemicalProductProperty_EN_CB5164666.htm
Ag2WO4,Ag^1+,WO4^2-,Ag2WO4 <=> 2 Ag^1+ +  WO4^2-,5.5·10-12,11.26,,Light yellow,https://ru.wikipedia.org/wiki/%D0%92%D0%BE%D0%BB%D1%8C%D1%84%D1%80%D0%B0%D0%BC%D0%B0%D1%82_%D1%81%D0%B5%D1%80%D0%B5%D0%B1%D1%80%D0%B0
AlAsO4,Al^3+,AsO4^3-,AlAsO4 <=> Al^3+ + AsO4^3-,1.6·10-16,15.80,,White,https://en.wikipedia.org/wiki/Aluminium_arsenate
Al(OH)3,Al^3+,OH^1-,Al(OH)3 <=>  Al^3+ + 3 OH^1-,1·10-32,32.0,,White,https://en.wikipedia.org/wiki/Aluminium_hydroxide
Al(OH)3,Al^3+,OH^1-,Al(OH)3 <=>  AlOH^2+ + 2 OH^1-,1·10-23,23.0,,White,https://en.wikipedia.org/wiki/Aluminium_hydroxide
Al(OH)3,Al^3+,OH^1-,HAlO2 <=>  H^1+ +  H2AlO3^1-,1.6·10-13,12.80,,White,https://en.wikipedia.org/wiki/Aluminium_hydroxide
AlPO4,Al^3+,PO4^3-,AlPO4 <=> Al^3+ + PO4^3-,5.75·10-19,18.24,,White,https://en.wikipedia.org/wiki/Aluminium_phosphate
Am(OH)3,Am^3+,OH^1-,Am(OH)3 <=>  Am^3+ + 3 OH^1-,2.7·10-20,19.57,,-,https://pubchem.ncbi.nlm.nih.gov/compound/15779366#section=Top
Am(OH)4,Am^4+,OH^1-,Am(OH)4 <=>  Am^4+ + 4 OH^1-,1·10-56,56,,Black brown,http://www.chemspider.com/Chemical-Structure.25947863.html
AuBr,Au^1+,Br^1-,AuBr <=>  Au^1+ +  Br^1-,5.0·10-17,16.3,,Lemon yellow or yellow-brown,https://en.wikipedia.org/wiki/Gold(I)_bromide
AuBr3,Au^1+,Br^1-,AuBr3 <=>  Au^1+ +  Br^1-,4.0·10-36,35.4,,Dark red or black,https://en.wikipedia.org/wiki/Gold(III)_bromide
AuCl,Au^1+,Cl^1-,AuCl <=>  Au^1+ +  Cl^1-,2.0·10-13,12.7,,Yellow,https://en.wikipedia.org/wiki/Gold(I)_chloride
AuCl3,Au^3+,Cl^1-,AuCl3 <=>  Au^3+ + 3 Cl^1-,3.2·10-25,24.5,,Red or yellow,https://en.wikipedia.org/wiki/Gold(III)_chloride
AuOH,Au^1+,OH^1-,AuOH <=>  Au^1+ +  OH^1-,7.9·10-20,19.1,,-,http://www.chemspider.com/Chemical-Structure.10677585.html
Au(OH)3,Au^3+,OH^1-,Au(OH)3 <=>  Au^3+ + 3 OH^1-,5.5·10-46,45.26,,Vivid yellow or dark yellow,https://en.wikipedia.org/wiki/Gold(III)_hydroxide
AuI,Au^1+,I^1-,AuI <=>  Au^1+ +  I^1-,1.6·10-23,22.8,,Yellowish or greenish-yellow powder,https://en.wikipedia.org/wiki/Gold_monoiodide
AuI3,Au^3+,I^1-,AuI3 <=>  Au^3+ + 3 I^1-,1·10-46,46,,Greyish green,https://ru.wikipedia.org/wiki/%D0%94%D0%B8%D0%BC%D0%B5%D1%80_%D0%B8%D0%BE%D0%B4%D0%B8%D0%B4%D0%B0_%D0%B7%D0%BE%D0%BB%D0%BE%D1%82%D0%B0(III)
Ba3(AsO4)2,Ba^2+,AsO4^3-,Ba3(AsO4)2 <=> 3 Ba^2+ + 2 AsO4^3-,7.8·10-51,50.11,,White,https://ru.wikipedia.org/wiki/%D0%9E%D1%80%D1%82%D0%BE%D0%B0%D1%80%D1%81%D0%B5%D0%BD%D0%B0%D1%82_%D0%B1%D0%B0%D1%80%D0%B8%D1%8F
Ba(BrO3)2,Ba^2+,BrO3^1-,Ba(BrO3)2 <=>  Ba^2+ + 2 BrO3^1-,5.5·10-6,5.26,,White,https://ru.wikipedia.org/wiki/%D0%91%D1%80%D0%BE%D0%BC%D0%B0%D1%82_%D0%B1%D0%B0%D1%80%D0%B8%D1%8F
BaCO3,Ba^2+,CO3^2-,BaCO3 <=> Ba^2+ + CO3^2-,4.0·10-10,9.40,,White,https://en.wikipedia.org/wiki/Barium_carbonate
BaC2O4,Ba^2+,C2O4^2-,BaC2O4 <=>Ba^2+ + C2O4^2-,1.1·10-7,6.96,,White,https://en.wikipedia.org/wiki/Barium_oxalate
BaCrO4,Ba^2+,CrO4^2-,BaCrO4 <=> Ba^2+ + CrO4^2-,1.2·10-10,9.93,,Yellow,https://en.wikipedia.org/wiki/Barium_chromate
BaF2,Ba^2+,F^1-,BaF2 <=>  Ba^2+ + 2 F^1-,1.1·10-6,5.98,,White,https://en.wikipedia.org/wiki/Barium_fluoride
Ba2[Fe(CN)6],Ba^2+,[Fe(CN)6]^4-,Ba2[Fe(CN)6] <=> 2 Ba^2+ + [Fe(CN)6]^4-,3·10-8,7.5,,Yellow,https://ru.wikipedia.org/wiki/%D0%93%D0%B5%D0%BA%D1%81%D0%B0%D1%86%D0%B8%D0%B0%D0%BD%D0%BE%D1%84%D0%B5%D1%80%D1%80%D0%B0%D1%82(II)_%D0%B1%D0%B0%D1%80%D0%B8%D1%8F
,"Ba^2+ , Fe^2+",CN^1-,Ba2[Fe(CN)6] <=> 2 Ba^2+ + [Fe(CN)6]^4-,3·10-8,7.5,,Yellow,https://ru.wikipedia.org/wiki/%D0%93%D0%B5%D0%BA%D1%81%D0%B0%D1%86%D0%B8%D0%B0%D0%BD%D0%BE%D1%84%D0%B5%D1%80%D1%80%D0%B0%D1%82(II)_%D0%B1%D0%B0%D1%80%D0%B8%D1%8F
Ba(IO3)2,Ba^2+,IO3^1-,Ba(IO3)2 <=>  Ba^2+ + 2 IO3^1-,1.5·10-9,8.82,,White,https://en.wikipedia.org/wiki/Barium_iodate
BaMnO4,Ba^2+,MnO4^1-,BaMnO4 <=>  Ba^2+ + MnO4^1-,2.5·10-10,9.60,,Dark violet,https://en.wikipedia.org/wiki/Barium_permanganate
BaMoO4,Ba^2+,MoO4^2-,BaMoO4 <=> Ba^2+ + MoO4^2-,4·10-8,7.40,,White,https://ru.wikipedia.org/wiki/%D0%9C%D0%BE%D0%BB%D0%B8%D0%B1%D0%B4%D0%B0%D1%82_%D0%B1%D0%B0%D1%80%D0%B8%D1%8F
Ba(OH)2,Ba^2+,OH^1-,Ba(OH)2 <=>  Ba^2+ + 2 OH^1-,5.0·10-3,2.3,,White,https://en.wikipedia.org/wiki/Barium_hydroxide
BaPO3F,Ba^2+,PO3F^2-,BaPO3F <=> Ba^2+ + PO3F^2-,4·10-7,6.4,,-,https://www.ncbi.nlm.nih.gov/pubmed/23838743
Ba3(PO4)2,Ba^2+,PO4^2-,Ba3(PO4)2 <=> Ba^2+ + PO4^2-,6·10-39,38.22,,White,https://ru.wikipedia.org/wiki/%D0%A4%D0%BE%D1%81%D1%84%D0%B0%D1%82_%D0%B1%D0%B0%D1%80%D0%B8%D1%8F
Ba2P2O7,Ba^2+,P2O7^4-,Ba2P2O7 <=> 2 Ba^2+ + P2O7^4-,3·10-11,10.5,,White,https://ru.wikipedia.org/wiki/%D0%9F%D0%B8%D1%80%D0%BE%D1%84%D0%BE%D1%81%D1%84%D0%B0%D1%82_%D0%B1%D0%B0%D1%80%D0%B8%D1%8F
Ba[Pt(CN)4],Ba^2+,[Pt(CN)4]^2-,Ba[Pt(CN)4] <=> Ba^2+ + [Pt(CN)4]^2-,4·10-3,2.4,,Greenish yellow,https://ru.wikipedia.org/wiki/%D0%A2%D0%B5%D1%82%D1%80%D0%B0%D1%86%D0%B8%D0%B0%D0%BD%D0%BE%D0%BF%D0%BB%D0%B0%D1%82%D0%B8%D0%BD%D0%B0%D1%82(II)_%D0%B1%D0%B0%D1%80%D0%B8%D1%8F
Ba[Pt(CN)4],"Ba^2+ , Pt^2+",CN^1-,Ba[Pt(CN)4] <=> Ba^2+ + [Pt(CN)4]^2-,4·10-3,2.4,,Greenish yellow,https://ru.wikipedia.org/wiki/%D0%A2%D0%B5%D1%82%D1%80%D0%B0%D1%86%D0%B8%D0%B0%D0%BD%D0%BE%D0%BF%D0%BB%D0%B0%D1%82%D0%B8%D0%BD%D0%B0%D1%82(II)_%D0%B1%D0%B0%D1%80%D0%B8%D1%8F
Ba(ReO4)2,Ba^2+,ReO4^1-,Ba(ReO4)2 <=>  Ba^2+ + 2 ReO4^1-,5.25·10-2,1.28,,White,https://ru.wikipedia.org/wiki/%D0%9F%D0%B5%D1%80%D1%80%D0%B5%D0%BD%D0%B0%D1%82_%D0%B1%D0%B0%D1%80%D0%B8%D1%8F
BaSO3,Ba^2+,SO3^2-,BaSO3 <=> Ba^2+ + SO3^2-,8·10-7,6.1,,White,https://en.wikipedia.org/wiki/Barium_sulfite
BaSO4,Ba^2+,SO4^2-,BaSO4 <=> Ba^2+ + SO4^2-,1.1·10-10,9.97,,White,https://en.wikipedia.org/wiki/Barium_sulfate
BaS2O3,Ba^2+,S2O3^2-,BaS2O3 <=> Ba^2+ + S2O3^2-,1.6·10-5,4.79,,White,https://ru.wikipedia.org/wiki/%D0%A2%D0%B8%D0%BE%D1%81%D1%83%D0%BB%D1%8C%D1%84%D0%B0%D1%82_%D0%B1%D0%B0%D1%80%D0%B8%D1%8F
BaSeO4,Ba^2+,SeO4^2-,BaSeO4 <=> Ba^2+ + SeO4^2-,5·10-8,7.30,,White,https://ru.wikipedia.org/wiki/%D0%A1%D0%B5%D0%BB%D0%B5%D0%BD%D0%B0%D1%82_%D0%B1%D0%B0%D1%80%D0%B8%D1%8F
Be(OH)2,Be^2+,OH^1-,Be(OH)2 <=>  Be^2+ + 2 OH^1-,6.3·10-22,21.2,,White,https://en.wikipedia.org/wiki/Beryllium_hydroxide
Be(OH)2,Be^2+,OH^1-,Be(OH)2 <=>  BeOH^1+ + OH^1-,2·10-14,13.7,,White,https://en.wikipedia.org/wiki/Beryllium_hydroxide
BiAsO4,Bi^3+,AsO4^3-,BiAsO4 <=> Bi^3+ + AsO4^3-,2.8·10-10,9.36,,White,https://ru.wikipedia.org/wiki/%D0%90%D1%80%D1%81%D0%B5%D0%BD%D0%B0%D1%82_%D0%B2%D0%B8%D1%81%D0%BC%D1%83%D1%82%D0%B0
Bi2(C2O4)3,Bi^3+,C2O4^2-,Bi2(C2O4)3 <=> 2 Bi^3+ + 3 C2O4^2-,4·10-36,35.4,,White,https://ru.wikipedia.org/wiki/%D0%9E%D0%BA%D1%81%D0%B0%D0%BB%D0%B0%D1%82_%D0%B2%D0%B8%D1%81%D0%BC%D1%83%D1%82%D0%B0
BiI3,Bi^3+,I^1-,BiI3 <=>  Bi^3+ + 3 I^1-,8.1·10-19,18.09,,Dark brown,https://en.wikipedia.org/wiki/Bismuth(III)_iodide
BiOCl,BiO^1+,Cl^1-,BiOCl <=>  BiO^1+ +  Cl^1-,7·10-9,8.85,,White,https://en.wikipedia.org/wiki/Bismuth_oxychloride
BiOCl,Bi^3+,"OH^1- , Cl^1-",BiOCl + H2O <=>  Bi^3+ + 2 OH^1- + Cl^1-,1.8·10-31,30.75,,White,https://en.wikipedia.org/wiki/Bismuth_oxychloride
BiOOH,BiO^1+,OH^1-,BiOOH <=>  BiO^1+ +  OH^1-,4·10-10,9.4,,-,-
BiPO4,Bi^3+,PO4^3-,BiPO4 <=> Bi^3+ + PO4^3-,1.3·10-23,22.90,,White,https://ru.wikipedia.org/wiki/%D0%A4%D0%BE%D1%81%D1%84%D0%B0%D1%82_%D0%B2%D0%B8%D1%81%D0%BC%D1%83%D1%82%D0%B0(III)
Bi2S3,Bi^3+,S^2-,Bi2S3 <=> 2 Bi^3+ + 3 S^2-,1·10-97,97,,Brown,https://en.wikipedia.org/wiki/Bismuth(III)_sulfide
Ca3(AsO4)2,Ca^2+,AsO4^3-,Ca3(AsO4)2 <=> 3 Ca^2+ + 2 AsO4^3-,6.8·10-19,18.17,,White,https://en.wikipedia.org/wiki/Calcium_arsenate
CaC4H4O6,Ca^2+,C4H4O6^2-,CaC4H4O6 <=> Ca^2+ + C4H4O6^2-,7.7·10-7,6.11,тартрат,White,https://en.wikipedia.org/wiki/Calcium_tartrate
CaCO3,Ca^2+,CO3^2-,CaCO3 <=> Ca^2+ + CO3^2-,3.8·10-9,8.42,,White,https://en.wikipedia.org/wiki/Calcium_carbonate
CaC2O4,Ca^2+,C2O4^2-,CaC2O4 <=> Ca^2+ + C2O4^2-,2.3·10-9,8.64,,White,https://en.wikipedia.org/wiki/Calcium_oxalate
CaCrO4,Ca^2+,CrO4^2-,CaCrO4 <=> Ca^2+ + CrO4^2-,7.1·10-4,3.15,,Bright yellow,https://en.wikipedia.org/wiki/Calcium_chromate
CaF2,Ca^2+,F^1-,CaF2 <=>  Ca^2+ + 2 F^1-,4.0·10-11,10.40,,White,https://en.wikipedia.org/wiki/Calcium_fluoride
CaHPO4,Ca^2+,HPO4^2-,CaHPO4 <=> Ca^2+ + HPO4^2-,2.7·10-7,6.57,,White,https://en.wikipedia.org/wiki/Dicalcium_phosphate
Ca(H2PO4)2,Ca^2+,H2PO4^1-,Ca(H2PO4)2 <=>  Ca^2+ + 2 HPO4^1-,1·10-3,3,,White,https://en.wikipedia.org/wiki/Monocalcium_phosphate
Ca(IO3)2,Ca^2+,IO3^1-,Ca(IO3)2 <=>  Ca^2+ + 2 IO3^1-,7.0·10-7,6.15,,White,https://en.wikipedia.org/wiki/Calcium_iodate
Ca(NH4)2[Fe(CN)6],Ca^2+,(NH4)2[Fe(CN)6]^2-,Ca(NH4)2[Fe(CN)6] <=> Ca^2+ + (NH4)2[Fe(CN)6]^2-,4·10-8,7.4,,-,https://www.chemicalbook.com/ChemicalProductProperty_EN_CB4166113.htm
Ca(NH4)2[Fe(CN)6],"Ca^2+ , NH4^1+",[Fe(CN)6]^4-,Ca(NH4)2[Fe(CN)6] <=> Ca^2+ + (NH4)2[Fe(CN)6]^2-,4·10-8,7.4,,-,https://www.chemicalbook.com/ChemicalProductProperty_EN_CB4166113.htm
Ca(NH4)2[Fe(CN)6],"Ca^2+ , Fe^2+ , NH4^1+",CN^1-,Ca(NH4)2[Fe(CN)6] <=> Ca^2+ + (NH4)2[Fe(CN)6]^2-,4·10-8,7.4,,-,https://www.chemicalbook.com/ChemicalProductProperty_EN_CB4166113.htm
Ca(OH)2,Ca^2+,OH^1-,Ca(OH)2 <=>  Ca^2+ + 2 OH^1-,5.5·10-6,5.26,,White,https://en.wikipedia.org/wiki/Calcium_hydroxide
Ca(OH)2,Ca^2+,OH^1-,Ca(OH)2 <=>  CaOH^1+ + OH^1-,1.4·10-4,3.86,,White,https://en.wikipedia.org/wiki/Calcium_hydroxide
Ca3(PO4)2,Ca^2+,PO4^3-,Ca3(PO4)2 <=> 3 Ca^2+ + 2 PO4^3-,2.0·10-29,28.70,,White,https://en.wikipedia.org/wiki/Calcium_phosphate
CaPO3F,Ca^2+,PO3F^2-,CaPO3F <=> Ca^2+ + PO3F^2-,4·10-3,2.4,,-,-
Ca5(PO4)3OH,Ca^2+,"PO4^3- , OH^1-",Ca5(PO4)3OH <=> 5 Ca^2+ + 3 PO4^3- + OH^1-,1.6·10-58,57.8,,White,https://en.wikipedia.org/wiki/Calcium_hydroxyphosphate
CaSO3,Ca^2+,SO3^2-,CaSO3 <=> Ca^2+ + SO3^2-,3.2·10-7,6.5,,White,https://en.wikipedia.org/wiki/Calcium_sulfite
CaSO4,Ca^2+,SO4^2-,CaSO4 <=> Ca^2+ + SO4^2-,2.5·10-5,4.6,,White,https://en.wikipedia.org/wiki/Calcium_sulfate
CaSeO3,Ca^2+,SeO3^2-,CaSeO3 <=> Ca^2+ + SeO3^2-,4.7·10-6,5.53,,-,https://pubchem.ncbi.nlm.nih.gov/compound/Calcium_selenite
CaSiF6,Ca^2+,SiF6^2-,CaSiF6 <=> Ca^2+ + SiF6^2-,8.1·10-4,03.09,,White,https://ru.wikipedia.org/wiki/%D0%93%D0%B5%D0%BA%D1%81%D0%B0%D1%84%D1%82%D0%BE%D1%80%D0%BE%D1%81%D0%B8%D0%BB%D0%B8%D0%BA%D0%B0%D1%82_%D0%BA%D0%B0%D0%BB%D1%8C%D1%86%D0%B8%D1%8F
CaWO4,Ca^2+,WO4^2-,CaWO4 <=> Ca^2+ + WO4^2-,9.0·10-9,08.06,,White,https://ru.wikipedia.org/wiki/%D0%92%D0%BE%D0%BB%D1%8C%D1%84%D1%80%D0%B0%D0%BC%D0%B0%D1%82_%D0%BA%D0%B0%D0%BB%D1%8C%D1%86%D0%B8%D1%8F
Cd3(AsO4)2,Cd^2+,AsO4^3-,Cd3(AsO4)2 <=> 3 Cd^2+ + 2 AsO4^3-,2.2·10-33,32.66,,-,https://pubchem.ncbi.nlm.nih.gov/compound/cadmium_arsenate#section=2D-Structure
Cd(BO2)2,Cd^2+,BO2^1-,Cd(BO2)2 <=>  Cd^2+ + 2 BO2^1-,2.3·10-9,8.64,,-,-
Cd(CN)2,Cd^2+,CN^1-,Cd(CN)2 <=>  Cd^2+ + 2 CN^1-,1.0·10-8,8.0,,White,https://en.wikipedia.org/wiki/Cadmium_cyanide
CdCO3,Cd^2+,CO3^2-,CdCO3 <=> Cd^2+ + CO3^2-,1.0·10-12,12.0,,White,https://ru.wikipedia.org/wiki/%D0%9A%D0%B0%D1%80%D0%B1%D0%BE%D0%BD%D0%B0%D1%82_%D0%BA%D0%B0%D0%B4%D0%BC%D0%B8%D1%8F
CdC2O4,Cd^2+,C2O4^2-,CdC2O4 <=> Cd^2+ + C2O4^2-,1.5·10-8,7.8,,White,https://ru.wikipedia.org/wiki/%D0%9E%D0%BA%D1%81%D0%B0%D0%BB%D0%B0%D1%82_%D0%BA%D0%B0%D0%B4%D0%BC%D0%B8%D1%8F
Cd2[Fe(CN)6],Cd^2+,[Fe(CN)]6^4-,Cd2[Fe(CN)6] <=> 2 Cd^2+ + [Fe(CN)]6^4-,4.2·10-18,17.38,,-,-
,"Cd^2+ , Fe^2+",CN^1-,Cd2[Fe(CN)6] <=> 2 Cd^2+ + [Fe(CN)]6^4-,4.2·10-18,17.38,,-,-
[Cd(NH3)6](BF4)2,[Cd(NH3)6]^2+,BF4^1-,[Cd(NH3)6](BF4)2 <=>  [Cd(NH3)6]^2+ + 2 BF4^1-,2·10-6,5.7,,-,http://adsabs.harvard.edu/abs/1975PSSAR..31..415P
[Cd(NH3)6](BF4)2,"Cd^2+ , NH3",BF4^1-,[Cd(NH3)6](BF4)2 <=>  [Cd(NH3)6]^2+ + 2 BF4^1-,2·10-6,5.7,,-,http://adsabs.harvard.edu/abs/1975PSSAR..31..415P
Cd(OH)2,Cd^2+,OH^1-,Cd(OH)2 <=>  Cd^2+ + 2 OH^1-,2.2·10-14,13.66,свежеосажденная,White,https://en.wikipedia.org/wiki/Cadmium_hydroxide
Cd(OH)2,Cd^2+,OH^1-,Cd(OH)2 <=>  Cd^2+ + 2 OH^1-,5.9·10-15,14.23,после старения,White,https://en.wikipedia.org/wiki/Cadmium_hydroxide
Cd(OH)2,Cd^2+,OH^1-,Cd(OH)2 <=>  HCdO2^1- + H^1+,2·10-19,18.7,,White,https://en.wikipedia.org/wiki/Cadmium_hydroxide
CdS,Cd^2+,S^2-,CdS <=> Cd^2+ + S^2-,1.6·10-28,27.8,,Green-orange or brown,https://en.wikipedia.org/wiki/Cadmium_sulfide
CdSeO3,Cd^2+,SeO3^2-,CdSeO3 <=> Cd^2+ + SeO3^2-,5.0·10-9,8.30,,-,https://pubchem.ncbi.nlm.nih.gov/compound/22096591#section=Top
CdWO4,Cd^2+,WO4^2-,CdWO4 <=> Cd^2+ + WO4^2-,2·10-6,5.7,,White,https://en.wikipedia.org/wiki/Cadmium_tungstate
Ce2(C2O4)3,Ce^3+,C2O4^2-,Ce2(C2O4)3 <=> 2 Ce^3+ + 3 C2O4^2-,2.5·10-29,28.60,,White,https://en.wikipedia.org/wiki/Cerium_oxalate
Ce(IO3)3,Ce^3+,IO3^1-,Ce(IO3)3 <=>  Ce^3+ + 3 IO3^1-,3.2·10-10,9.50,,-,https://www.researchgate.net/publication/250463604_Cerium_Triiodate_CeIO33
Ce(IO3)4,Ce^4+,IO3^1-,Ce(IO3)4 <=>  Ce^4+ + 4 IO3^1-,5·10-17,16.3,,-,https://scripts.iucr.org/cgi-bin/paper?a01884
Ce(OH)3,Ce^3+,OH^1-,Ce(OH)3 <=>  Ce^3+ + 3 OH^1-,4·10-25,24.40,,White,https://en.wikipedia.org/wiki/Cerium(III)_hydroxide
Ce(O)OH2,CeO^2+,OH^1-,Ce(O)OH2 <=>  CeO^2+ + 2 OH^1-,1·10-24,24.0,,-,-
CeOH4,Ce^4+,OH^1-,CeOH4 <=>  Ce^4+ + 4 OH^1-,1.6·10-55,54.8,,-,-
Ce2(SeO3)3,Ce^3+,SeO3^2-,Ce2(SeO3)3 <=> 2 Ce^3+ + 3 SeO3^2-,3.75·10-25,24.43,,-,https://materials.springer.com/isp/crystallographic/docs/sd_1910083
Co3(AsO4)2,Co^2+,AsO4^3-,Co3(AsO4)2 <=> 3 Co^2+ + 2 AsO4^3-,7.6·10-29,28.12,,reddish violet,https://ru.wikipedia.org/wiki/%D0%90%D1%80%D1%81%D0%B5%D0%BD%D0%B0%D1%82_%D0%BA%D0%BE%D0%B1%D0%B0%D0%BB%D1%8C%D1%82%D0%B0(II)
Co(BO2)2,Co^2+,BO2^1-,Co(BO2)2 <=>  Co^2+ + 2 BO2^1-,3.2·10-9,8.5,,-,-
CoCO3,Co^2+,CO3^2-,CoCO3 <=> Co^2+ + CO3^2-,1.05·10-10,9.98,,Red or pink,https://en.wikipedia.org/wiki/Cobalt(II)_carbonate
CoC2O4,Co^2+,C2O4^2-,CoC2O4 <=> Co^2+ + C2O4^2-,6.3·10-8,7.2,,Grayish pink,https://en.wikipedia.org/wiki/Cobalt(II)_oxalate
Co2[Fe(CN)6],Co^2+,[Fe(CN)6]^4-,Co2[Fe(CN)6] <=> 2 Co^2+ + [Fe(CN)6]^4-,4.8·10-38,37.32,,-,-
Co2[Fe(CN)6],"Co^2+ , Fe^2+",CN^1-,Co2[Fe(CN)6] <=> 2 Co^2+ + [Fe(CN)6]^4-,4.8·10-38,37.32,,-,-
Co[Hg(SCN)4],Co^2+,[Hg(SCN)4]^2-,Co[Hg(SCN)4] <=> Co^2+ + [Hg(SCN)4]^2-,1.5·10-6,5.82,,-,-
Co[Hg(SCN)4],"Co^2+ , Hg^2+",SCN^1-,Co[Hg(SCN)4] <=> Co^2+ + [Hg(SCN)4]^2-,1.5·10-6,5.82,,-,-
Co(IO3)2,Co^2+,IO3^1-,Co(IO3)2 <=>  Co^2+ + 2 IO3^1-,1.0·10-4,4.0,,Dark violet or red,https://ru.wikipedia.org/wiki/%D0%98%D0%BE%D0%B4%D0%B0%D1%82_%D0%BA%D0%BE%D0%B1%D0%B0%D0%BB%D1%8C%D1%82%D0%B0(II)
[Co(NH3)6](BF4)2,"Co^2+ , NH3",BF4^1-,[Co(NH3)6](BF4)2 <=>  Co^2+ + 6 NH3^0 + 2 BF4^1-,4·10-6,5.4,,-,-
[Co(NH3)6](BF4)2,[Co(NH3)6]^2+,BF4^1-,[Co(NH3)6](BF4)2 <=>  Co^2+ + 6 NH3^0 + 2 BF4^1-,4·10-6,5.4,,-,-
[Co(NH3)6](ReO4)3,"Co^3+ , NH3",ReO4^1-,[Co(NH3)6](ReO4)3 <=>  Co^3+ + 6 NH3^0 + 3 ReO4^1-,1.7·10-12,11.77,,-,-
[Co(NH3)6](ReO4)3,[Co(NH3)6]^3+,ReO4^1-,[Co(NH3)6](ReO4)3 <=>  Co^3+ + 6 NH3^0 + 3 ReO4^1-,1.7·10-12,11.77,,-,-
Co(OH)2,Co^2+,OH^1-,Co(OH)2 <=>  Co^2+ + 2 OH^1-,6.3·10-15,14.20,,Blue,https://en.wikipedia.org/wiki/Cobalt(II)_hydroxide
Co(OH)2,Co^2+,OH^1-,Co(OH)2 <=>  Co^2+ + 2 OH^1-,1.6·10-15,14.80,свежеосажденная,Pink,https://en.wikipedia.org/wiki/Cobalt(II)_hydroxide
Co(OH)2,Co^2+,OH^1-,Co(OH)2 <=>  Co^2+ + 2 OH^1-,2.0·10-16,15.70,после старения,Pink,https://en.wikipedia.org/wiki/Cobalt(II)_hydroxide
Co(OH)3,Co^3+,OH^1-,Co(OH)3 <=>  Co^3+ + 3 OH^1-,4·10-45,44.4,,Brown-black or dark green,https://en.wikipedia.org/wiki/Cobalt(III)_hydroxide
CoS α,Co^2+,S^2-,CoS α <=> Co^2+ + S^2-,4.0·10-21,20.40,α,Black,https://en.wikipedia.org/wiki/Cobalt_sulfide
CoS β,Co^2+,S^2-,CoS β <=> Co^2+ + S^2-,2.0·10-25,24.70,β,Grayish-red,https://en.wikipedia.org/wiki/Cobalt_sulfide
CoSeO3,Co^2+,SeO3^2-,CoSeO3 <=> Co^2+ + SeO3^2-,1.6·10-7,6.8,,-,https://ru.wikipedia.org/wiki/%D0%A1%D0%B5%D0%BB%D0%B5%D0%BD%D0%B8%D1%82_%D0%BA%D0%BE%D0%B1%D0%B0%D0%BB%D1%8C%D1%82%D0%B0(II)
CrAsO4,Cr^3+,AsO4^3-,CrAsO4 <=> Cr^3+ + AsO4^3-,7.8·10-21,20.11,,-,-
[Cr(NH3)6](BF4)3,[Cr(NH3)6]^3+,BF4^1-,[Cr(NH3)6](BF4)3 <=>  [Cr(NH3)6]^3+ + 3 BF4^1-,6.2·10-5,4.21,,-,-
[Cr(NH3)6](BF4)3,"Cr^3+ , NH3",BF4^1-,[Cr(NH3)6](BF4)3 <=>  [Cr(NH3)6]^3+ + 3 BF4^1-,6.2·10-5,4.21,,-,-
[Cr(NH3)6](MnO4)3,[Cr(NH3)6]^3+,MnO4^1-,[Cr(NH3)6](MnO4)3 <=>  [Cr(NH3)6]^3+ + 3 MnO4^1-,4.0·10-8,7.40,,-,-
[Cr(NH3)6](MnO4)3,"Cr^3+ , NH3",MnO4^1-,[Cr(NH3)6](MnO4)3 <=>  [Cr(NH3)6]^3+ + 3 MnO4^1-,4.0·10-8,7.40,,-,-
[Cr(NH3)6](ReO4)3,[Cr(NH3)6]^3+,ReO4^1-,[Cr(NH3)6](ReO4)3 <=>  [Cr(NH3)6]^3+ + 3 ReO4^1-,7.7·10-12,11.11,,-,-
[Cr(NH3)6](ReO4)3,"Cr^3+ , NH3",ReO4^1-,[Cr(NH3)6](ReO4)3 <=>  [Cr(NH3)6]^3+ + 3 ReO4^1-,7.7·10-12,11.11,,-,-
[Cr(NH3)6](SO3F)3,[Cr(NH3)6]^3+,SO3F^1-,[Cr(NH3)6](SO3F)3 <=>  [Cr(NH3)6]^3+ + 3 SO3F^1-,4.3·10-4,3.9,,-,-
[Cr(NH3)6](SO3F)3,"Cr^3+ , NH3",SO3F^1-,[Cr(NH3)6](SO3F)3 <=>  [Cr(NH3)6]^3+ + 3 SO3F^1-,4.3·10-4,3.9,,-,-
Cr(OH)2,Cr^2+,CrOH^1-,Cr(OH)2 <=>  Cr^2+ + 2 CrOH^1-,1.0·10-17,17.0,,Brown,https://ru.wikipedia.org/wiki/%D0%93%D0%B8%D0%B4%D1%80%D0%BE%D0%BA%D1%81%D0%B8%D0%B4_%D1%85%D1%80%D0%BE%D0%BC%D0%B0(II)
Cr(OH)3,Cr^3+,OH^1-,Cr(OH)3 <=>  Cr^3+ + 3 OH^1-,6.3·10-31,30.20,,Green,https://en.wikipedia.org/wiki/Chromium(III)_hydroxide
Cr(OH)3,Cr^3+,OH^1-,Cr(OH)3 <=>  CrOH^2+ + 2 OH^1-,7.9·10-21,20.10,,Green,https://en.wikipedia.org/wiki/Chromium(III)_hydroxide
Cr(OH)3,Cr^3+,OH^1-,Cr(OH)3 <=>  H^1+ + H2CrO3^1-,4.0·10-15,14.4,,Green,https://en.wikipedia.org/wiki/Chromium(III)_hydroxide
CrPO4,Cr^3+,PO4^3-,CrPO4 <=> Cr^3+ + PO4^3-,1.0·10-17,17.00,,Violet,https://en.wikipedia.org/wiki/Chromium(III)_phosphate
CrPO4,Cr^3+,PO4^3-,CrPO4 <=> Cr^3+ + PO4^3-,2.4·10-23,22.62,,Green,https://en.wikipedia.org/wiki/Chromium(III)_phosphate
Cs[AuCl4],Cs^1+,[AuCl4]^1-,Cs[AuCl4] <=>  Cs^1+ +  [AuCl4]^1-,1·10-3,3,,Yellow,https://ru.wikipedia.org/wiki/%D0%A2%D0%B5%D1%82%D1%80%D0%B0%D1%85%D0%BB%D0%BE%D1%80%D0%BE%D0%B0%D1%83%D1%80%D0%B0%D1%82_%D1%86%D0%B5%D0%B7%D0%B8%D1%8F
Cs[AuCl4],"Cs^1+ , Au^3+",Cl^1-,Cs[AuCl4] <=>  Cs^1+ +  [AuCl4]^1-,1·10-3,3,,Yellow,https://ru.wikipedia.org/wiki/%D0%A2%D0%B5%D1%82%D1%80%D0%B0%D1%85%D0%BB%D0%BE%D1%80%D0%BE%D0%B0%D1%83%D1%80%D0%B0%D1%82_%D1%86%D0%B5%D0%B7%D0%B8%D1%8F
CsBF4,Cs^1+,BF4^1-,CsBF4 <=>  Cs^1+ +  BF4^1-,2·10-5,4.7,,-,-
CsBH4,Cs^1+,BH4^1-,CsBH4 <=>  Cs^1+ +  BH4^1-,2.5·10-7,6.6,,-,-
CsBrO3,Cs^1+,BrO3^1-,CsBrO3 <=>  Cs^1+ +  BrO3^1-,2·10-2,1.7,,-,https://pubchem.ncbi.nlm.nih.gov/compound/23685550
CsClO3,Cs^1+,ClO3^1-,CsClO3 <=>  Cs^1+ +  ClO3^1-,4·10-2,1.4,,-,https://pubchem.ncbi.nlm.nih.gov/compound/23685553
CsClO4,Cs^1+,ClO4^1-,CsClO4 <=>  Cs^1+ +  ClO4^1-,4·10-3,2.4,,White,https://en.wikipedia.org/wiki/Caesium_perchlorate
Cs3[Co(NO2)6],Cs^1+,[Co(NO2)6]^3-,Cs3[Co(NO2)6] <=> 3 Cs^1+ +  [Co(NO2)6]^3-,5.8·10-16,15.24,,-,-
Cs3[Co(NO2)6],"Cs^1+ , Co^3+",NO2^1-,Cs3[Co(NO2)6] <=> 3 Cs^1+ +  [Co(NO2)6]^3-,5.8·10-16,15.24,,-,-
Cs[HgCl3],Cs^1+,[HgCl3]^1-,Cs[HgCl3] <=>  Cs^1+ +  [HgCl3]^1-,2·10-3,2.7,,-,-
Cs[HgCl3],"Cs^1+ , Hg^2+",Cl^1-,Cs[HgCl3] <=>  Cs^1+ +  [HgCl3]^1-,2·10-3,2.7,,-,-
CsIO3,Cs^1+,IO3^1-,CsIO3 <=>  Cs^1+ +  IO3^1-,1.0·10-2,2.0,,-,https://pubchem.ncbi.nlm.nih.gov/compound/Cesium_iodate
CsIO4,Cs^1+,IO4^1-,CsIO4 <=>  Cs^1+ +  IO4^1-,4.4·10-3,2.36,,-,-
CsMnO4,Cs^1+,MnO4^1-,CsMnO4 <=>  Cs^1+ +  MnO4^1-,9.1·10-5,04.08,,-,https://pubchem.ncbi.nlm.nih.gov/compound/23674960#section=Top
Cs2[PtCl6],Cs^1+,[PtCl6]^2-,Cs2[PtCl6] <=> 2 Cs^1+ +  [PtCl6]^2-,3·10-8,7.5,,Yellow,https://ru.wikipedia.org/wiki/%D0%93%D0%B5%D0%BA%D1%81%D0%B0%D1%85%D0%BB%D0%BE%D1%80%D0%BE%D0%BF%D0%BB%D0%B0%D1%82%D0%B8%D0%BD%D0%B0%D1%82(IV)_%D1%86%D0%B5%D0%B7%D0%B8%D1%8F
Cs2[PtCl6],"Cs^1+ , Pt^4+",Cl^1-,Cs2[PtCl6] <=> 2 Cs^1+ +  [PtCl6]^2-,3·10-8,7.5,,Yellow,https://ru.wikipedia.org/wiki/%D0%93%D0%B5%D0%BA%D1%81%D0%B0%D1%85%D0%BB%D0%BE%D1%80%D0%BE%D0%BF%D0%BB%D0%B0%D1%82%D0%B8%D0%BD%D0%B0%D1%82(IV)_%D1%86%D0%B5%D0%B7%D0%B8%D1%8F
Cs2[PtF6],Cs^1+,[PtF6]^2-,Cs2[PtF6] <=> 2 Cs^1+ +  [PtF6]^2-,2.4·10-6,5.62,,-,-
Cs2[PtF6],"Cs^1+ , Pt^4+",F^1-,Cs2[PtF6] <=> 2 Cs^1+ +  [PtF6]^2-,2.4·10-6,5.62,,-,-
CsReO4,Cs^1+,ReO4^1-,CsReO4 <=>  Cs^1+ +  ReO4^1-,4.0·10-4,3.40,,-,-
Cs2SiF6,Cs^1+,SiF6^2-,Cs2SiF6 <=> 2 Cs^1+ +  SiF6^2-,1.3·10-5,4.89,,-,-
Cs2[SnCl6],Cs^1+,[SnCl6]^2-,Cs2[SnCl6] <=> 2 Cs^1+ +  [SnCl6]^2-,3.6·10-8,7.44,,-,-
Cs2[SnCl6],"Cs^1+ , Sn^4+",Cl^1-,Cs2[SnCl6] <=> 2 Cs^1+ +  [SnCl6]^2-,3.6·10-8,7.44,,-,-
Cu3(AsO4)2,Cu^2+,AsO4^3-,Cu3(AsO4)2 <=> 3 Cu^2+ + 2 AsO4^3-,7.6·10-36,35.12,,Blue or bluish green,https://en.wikipedia.org/wiki/Copper(II)_arsenate
CuBr,Cu^1+,Br^1-,CuBr <=>  Cu^1+ +  Br^1-,5.25·10-9,8.28,,White,https://en.wikipedia.org/wiki/Copper(I)_bromide
CuCN,Cu^1+,CN^1-,CuCN <=>  Cu^1+ +  CN^1-,3.2·10-20,19.49,,White or yellow,https://en.wikipedia.org/wiki/Copper(I)_cyanide
CuCO3,Cu^2+,CO3^2-,CuCO3 <=> Cu^2+ + CO3^2-,2.5·10-10,9.6,,Gray,https://en.wikipedia.org/wiki/Copper(II)_carbonate
CuC2O4,Cu^2+,C2O4^2-,CuC2O4 <=> Cu^2+ + C2O4^2-,3·10-8,7.5,,Green blue,https://ru.wikipedia.org/wiki/%D0%9E%D0%BA%D1%81%D0%B0%D0%BB%D0%B0%D1%82_%D0%BC%D0%B5%D0%B4%D0%B8(II)
CuCl,Cu^1+,Cl^1-,CuCl <=>  Cu^1+ +  Cl^1-,1.2·10-6,5.92,,White,https://en.wikipedia.org/wiki/Copper(I)_chloride
CuCrO4,Cu^2+,CrO4^2-,CuCrO4 <=> Cu^2+ + CrO4^2-,3.6·10-6,5.44,,Reddish brown,https://ru.wikipedia.org/wiki/%D0%A5%D1%80%D0%BE%D0%BC%D0%B0%D1%82_%D0%BC%D0%B5%D0%B4%D0%B8(II)
Cu2[Fe(CN)6],Cu^2+,[Fe(CN)6]^4-,Cu2[Fe(CN)6] <=> 2 Cu^2+ + [Fe(CN)6]^4-,1.3·10-16,15.89,,Reddish brown,https://ru.wikipedia.org/wiki/%D0%93%D0%B5%D0%BA%D1%81%D0%B0%D1%86%D0%B8%D0%B0%D0%BD%D0%BE%D1%84%D0%B5%D1%80%D1%80%D0%B0%D1%82(II)_%D0%BC%D0%B5%D0%B4%D0%B8(II)
Cu2[Fe(CN)6],"Cu^2+ , Fe^2+",CN^1-,Cu2[Fe(CN)6] <=> 2 Cu^2+ + [Fe(CN)6]^4-,1.3·10-16,15.89,,Reddish brown,https://ru.wikipedia.org/wiki/%D0%93%D0%B5%D0%BA%D1%81%D0%B0%D1%86%D0%B8%D0%B0%D0%BD%D0%BE%D1%84%D0%B5%D1%80%D1%80%D0%B0%D1%82(II)_%D0%BC%D0%B5%D0%B4%D0%B8(II)
CuI,Cu^1+,I^1-,CuI <=>  Cu^1+ +  I^1-,1.1·10-12,11.96,,White,https://en.wikipedia.org/wiki/Copper(I)_iodide
Cu(IO3)2,Cu^2+,IO3^1-,Cu(IO3)2 <=>  Cu^2+ + 2 IO3^1-,7.4·10-8,7.13,,Green or blue,https://ru.wikipedia.org/wiki/%D0%98%D0%BE%D0%B4%D0%B0%D1%82_%D0%BC%D0%B5%D0%B4%D0%B8(II)
CuN3,Cu^1+,N3^1-,CuN3 <=>  Cu^1+ +  N3^1-,5.0·10-9,8.3,,-,https://ru.wikipedia.org/wiki/%D0%90%D0%B7%D0%B8%D0%B4_%D0%BC%D0%B5%D0%B4%D0%B8(I)
Cu2O,Cu^1+,O^2-,Cu2O + H2O <=> 2 Cu^1+ + 2 OH^1-,1·10-14,14.0,,Brownish-red,https://en.wikipedia.org/wiki/Copper(I)_oxide
Cu(OH)2,Cu^2+,OH^1-,Cu(OH)2 <=>  Cu^2+ + 2 OH^1-,2.2·10-20,19.66,,Blue or green-blue,https://en.wikipedia.org/wiki/Copper(II)_hydroxide
Cu(OH)2,Cu^2+,OH^1-,Cu(OH)2 <=>  CuOH^1+ + OH^1-,2.2·10-13,12.66,,Blue or green-blue,https://en.wikipedia.org/wiki/Copper(II)_hydroxide
Cu(OH)2,Cu^2+,OH^1-,Cu(OH)2 <=>  H^1+ + HCuO2^1-,1·10-19,19.0,,Blue or green-blue,https://en.wikipedia.org/wiki/Copper(II)_hydroxide
Cu2(OH)2CO3,Cu^2+,"OH^1- , CO3^2- ",Cu2(OH)2CO3  <=> 2 Cu^2+ + 2 OH^1- + CO3^2-,1.7·10-34,33.76,малахит,Green,https://en.wikipedia.org/wiki/Basic_copper_carbonate
Cu2(OH)2CO3,Cu^2+,"OH^1- , CO3^2- ",Cu2(OH)2CO3  <=> 2 Cu^2+ + 2 OH^1- + CO3^2-,1.1·10-46,45.96,азурит,Green,https://en.wikipedia.org/wiki/Basic_copper_carbonate
Cu2P2O7,Cu^2+,P2O7^4-,Cu2P2O7 <=> 2 Cu^2+ + P2O7^4-,8.3·10-16,15.08,,Green,https://ru.wikipedia.org/wiki/%D0%A4%D0%BE%D1%81%D1%84%D0%B0%D1%82%D1%8B_%D0%BC%D0%B5%D0%B4%D0%B8(II)#%D0%9F%D0%B8%D1%80%D0%BE%D1%84%D0%BE%D1%81%D1%84%D0%B0%D1%82%D1%8B
CuS,Cu^2+,S^2-,CuS <=> Cu^2+ + S^2-,6.3·10-36,35.20,,Black,https://en.wikipedia.org/wiki/Copper_monosulfide
Cu2S,Cu^1+,S^2-,Cu2S <=> 2 Cu^1+ + S^2-,2.5·10-48,47.60,,Dark gray,https://en.wikipedia.org/wiki/Copper(I)_sulfide
CuSCN,Cu^1+,SCN^1-,CuSCN <=>  Cu^1+ +  SCN^1-,4.8·10-15,14.32,,White,https://en.wikipedia.org/wiki/Copper(I)_thiocyanate
CuSe,Cu^2+,Se^2-,CuSe <=> Cu^2+ + Se^2-,1·10-49,49,,Black,https://ru.wikipedia.org/wiki/%D0%A1%D0%B5%D0%BB%D0%B5%D0%BD%D0%B8%D0%B4_%D0%BC%D0%B5%D0%B4%D0%B8(II)
CuSeO3,Cu^2+,SeO3^2-,CuSeO3 <=> Cu^2+ + SeO3^2-,1.7·10-8,7.78,,Blue,https://en.wikipedia.org/wiki/Copper(II)_selenite
CuWO4,Cu^2+,WO4^2-,CuWO4 <=> Cu^2+ + WO4^2-,1·10-5,5,,Yellow-brown or green,https://ru.wikipedia.org/wiki/%D0%92%D0%BE%D0%BB%D1%8C%D1%84%D1%80%D0%B0%D0%BC%D0%B0%D1%82_%D0%BC%D0%B5%D0%B4%D0%B8(II)
FeAsO4,Fe^2+,AsO4^3-,FeAsO4 <=> 3 Fe^2+ + 2 AsO4^3-,5.8·10-21,20.24,,Pale green or grayish green or brown crystals,https://ru.wikipedia.org/wiki/Арсенат_железа(III)
FeCO3,Fe^2+,CO3^2-,FeCO3 <=> Fe^2+ + CO3^2-,3.5·10-11,10.46,,White,https://en.wikipedia.org/wiki/Iron(II)_carbonate
FeC2O4,Fe^2+,C2O4^2-,FeC2O4 <=> Fe^2+ + C2O4^2-,2·10-7,6.7,,Yellow,https://en.wikipedia.org/wiki/Iron(II)_oxalate
Fe4[Fe(CN)6]3,Fe^3+,[Fe(CN)6]^4-,Fe4[Fe(CN)6]3 <=> 4 Fe^3+ + 3 [Fe(CN)6]^4-,3.0·10-41,40.52,,Dark blue,https://ru.wikipedia.org/wiki/%D0%93%D0%B5%D0%BA%D1%81%D0%B0%D1%86%D0%B8%D0%B0%D0%BD%D0%BE%D1%84%D0%B5%D1%80%D1%80%D0%B0%D1%82(II)_%D0%B6%D0%B5%D0%BB%D0%B5%D0%B7%D0%B0(III)
Fe4[Fe(CN)6]3,"Fe^3+ , Fe^2+",CN^1-,Fe4[Fe(CN)6]3 <=> 4 Fe^3+ + 3 [Fe(CN)6]^4-,3.0·10-41,40.52,,Dark blue,https://ru.wikipedia.org/wiki/%D0%93%D0%B5%D0%BA%D1%81%D0%B0%D1%86%D0%B8%D0%B0%D0%BD%D0%BE%D1%84%D0%B5%D1%80%D1%80%D0%B0%D1%82(II)_%D0%B6%D0%B5%D0%BB%D0%B5%D0%B7%D0%B0(III)
Fe(OH)2,Fe^2+,OH^1-,Fe(OH)2 <=>  Fe^2+ + 2 OH^1-,8·10-16,15.1,,Green,https://en.wikipedia.org/wiki/Iron(II)_hydroxide
Fe(OH)2,Fe^2+,OH^1-,Fe(OH)2 <=>  FeOH^1+ + OH^1-,3·10-10,9.5,,Green,https://en.wikipedia.org/wiki/Iron(II)_hydroxide
Fe(OH)2,Fe^2+,OH^1-,Fe(OH)2 <=>  H^1+ + HFeO2^1-,8·10-20,19.1,,Green,https://en.wikipedia.org/wiki/Iron(II)_hydroxide
Fe(OH)3,Fe^3+,OH^1-,Fe(OH)3 <=>  Fe^3+ + 3 OH^1-,6.3·10-38,37.2,свежеосажденная,Vivid dark orange,https://en.wikipedia.org/wiki/Iron(III)_oxide-hydroxide
Fe(OH)3,Fe^3+,OH^1-,Fe(OH)3 <=>  Fe^3+ + 3 OH^1-,6.3·10-39,38.2,после старения,Vivid dark orange,https://en.wikipedia.org/wiki/Iron(III)_oxide-hydroxide
Fe(OH)3,Fe^3+,OH^1-,Fe(OH)3 <=>  FeOH^2+ + OH^1-,1·10-17,17.0,,Vivid dark orange,https://en.wikipedia.org/wiki/Iron(III)_oxide-hydroxide
Fe(OH)3,Fe^3+,OH^1-,Fe(OH)3 <=>  FeOH2^1+ + 2 OH^1-,5·10-27,26.3,,Vivid dark orange,https://en.wikipedia.org/wiki/Iron(III)_oxide-hydroxide
FePO4,Fe^3+,PO4^3-,FePO4 <=> Fe^3+ + PO4^3-,1.3·10-22,21.89,,Yellow-brown,https://en.wikipedia.org/wiki/Iron(III)_phosphate
FeS,Fe^2+,S^2-,FeS <=> Fe^2+ + S^2-,5·10-18,17.3,,Gray,https://en.wikipedia.org/wiki/Iron(II)_sulfide
FeS2,Fe^2+,S2^2-,FeS2 <=> Fe^2+ + S2^2-,6.3·10-31,30.2,,Greenish-black or brownish-black,https://en.wikipedia.org/wiki/Pyrite
FeSe,Fe^2+,Se^2-,FeSe <=> Fe^2+ + Se^2-,1·10-26,26,,Black,https://en.wikipedia.org/wiki/Iron(II)_selenide
Fe2(SeO3)3,Fe^3+,SeO3^2-,Fe2(SeO3)3 <=> 2 Fe^3+ + 3 SeO3^2-,2·10-31,30.7,,-,-
Ga4[Fe(CN)6]3,Ga^3+,[Fe(CN)6]^4-,Ga4[Fe(CN)6]3 <=> 4 Ga^3+ + 3 [Fe(CN)6]^4-,1.5·10-34,33.82,,-,-
Ga4[Fe(CN)6]3,"Ga^3+ , Fe^2+",CN^1-,Ga4[Fe(CN)6]3 <=> 4 Ga^3+ + 3 [Fe(CN)6]^4-,1.5·10-34,33.82,,-,-
Ga(OH)3,Ga^3+,OH^1-,Ga(OH)3 <=>  Ga^3+ + 3 OH^1-,1.6·10-37,36.8,,White,https://en.wikipedia.org/wiki/Gallium(III)_hydroxide
Ga(OH)3,Ga^3+,OH^1-,Ga(OH)3 <=>  H^1+ + H2GaO3^1-,2.5·10-11,10.6,,White,https://en.wikipedia.org/wiki/Gallium(III)_hydroxide
GeO2,Ge^4+,O^2-,GeO2 + 2H2O <=> Ge^4+ + 4 OH^1-,1·10-57,57,,White,https://en.wikipedia.org/wiki/Germanium_dioxide
GeS,Ga^2+,S^2-,GeS <=> Ga^2+ + S^2-,3·10-35,34.5,,White,https://en.wikipedia.org/wiki/Germanium_disulfide
HfO(OH)2,HfO^2+,OH^1-,HfO(OH)2 <=>  HfO^2+ + 2 OH^1-,4·10-26,25.4,,White,https://ru.wikipedia.org/wiki/%D0%94%D0%B8%D0%B3%D0%B8%D0%B4%D1%80%D0%BE%D0%BA%D1%81%D0%B8%D0%B4-%D0%BE%D0%BA%D1%81%D0%B8%D0%B4_%D0%B3%D0%B0%D1%84%D0%BD%D0%B8%D1%8F
Hg2Br2,Hg2^2+,Br^1-,Hg2Br2 <=>  Hg2^2+ + 2 Br^1-,5.8·10-23,22.24,,White or yellow,https://en.wikipedia.org/wiki/Mercury(I)_bromide
Hg2CO3,Hg2^2+,CO3^2-,Hg2CO3 <=> Hg2^2+ + CO3^2-,8.9·10-17,16.05,,-,-
Hg2C2O4,Hg2^2+,C2O4^2-,Hg2C2O4 <=> Hg2^2+ + C2O4^2-,1·10-13,13,,-,-
Hg2Cl2,Hg2^2+,Cl^1-,Hg2Cl2 <=>  Hg2^2+ + 2 Cl^1-,1.3·10-18,17.88,,White,https://en.wikipedia.org/wiki/Mercury(I)_chloride
Hg2CrO4,Hg2^2+,CrO4^2-,Hg2CrO4 <=> Hg2^2+ + CrO4^2-,5.0·10-9,8.70,,-,-
Hg2I2,Hg2^2+,I^1-,Hg2I2 <=>  Hg2^2+ + 2 I^1-,4.5·10-29,28.35,,Dark yellow,https://en.wikipedia.org/wiki/Mercury(I)_iodide
Hg2(IO3)2,Hg2^2+,IO3^1-,Hg2(IO3)2 <=>  Hg2^2+ + 2 IO3^1-,2.45·10-14,13.71,,-,-
Hg2HPO4,Hg2^2+,HPO4^2-,Hg2HPO4 <=> Hg2^2+ + HPO4^2-,4.0·10-13,12.40,,-,-
Hg2O,Hg2^2+,O^2-,Hg2O + H2O <=> Hg2^2+ + 2 OH^1-,1.6·10-23,22.8,,Very dark orange,https://en.wikipedia.org/wiki/Mercury(I)_oxide
HgO,Hg^2+,O^2-,HgO + H2O <=> Hg^2+ + 2 OH^1-,3.0·10-26,25.52,,Yellow or red,https://en.wikipedia.org/wiki/Mercury(II)_oxide
HgS,Hg^2+,S^2-,HgS <=> Hg^2+ + S^2-,1.6·10-52,51.8,,Black,https://en.wikipedia.org/wiki/Mercury_sulfide
HgS,Hg^2+,S^2-,HgS <=> Hg^2+ + S^2-,4.0·10-53,52.40,,Red,https://en.wikipedia.org/wiki/Mercury_sulfide
Hg2S,Hg2^2+,S^2-,Hg2S <=> Hg2^2+ + S^2-,1·10-47,47,,Brown,https://ru.wikipedia.org/wiki/%D0%A1%D1%83%D0%BB%D1%8C%D1%84%D0%B8%D0%B4_%D1%80%D1%82%D1%83%D1%82%D0%B8(I)
Hg2(SCN)2,Hg2^2+,SCN^1-,Hg2(SCN)2 <=>  Hg2^2+ + 2 SCN^1-,3.0·10-20,19.52,,White,https://ru.wikipedia.org/wiki/%D0%A2%D0%B8%D0%BE%D1%86%D0%B8%D0%B0%D0%BD%D0%B0%D1%82_%D1%80%D1%82%D1%83%D1%82%D0%B8(I)
Hg2SO3,Hg2^2+,SO3^2-,Hg2SO3 <=> Hg2^2+ + SO3^2-,1·10-27,27,,-,-
Hg2SO4,Hg2^2+,SO4^2-,Hg2SO4 <=> Hg2^2+ + SO4^2-,6.8·10-7,6.17,,White-yellow,https://en.wikipedia.org/wiki/Mercury(I)_sulfate
HgSe,Hg^2+,Se^2-,HgSe <=> Hg^2+ + Se^2-,1·10-59,59,,Gray-black,https://en.wikipedia.org/wiki/Mercury_selenide
Hg2SeO3,Hg2^2+,SeO3^2-,Hg2SeO3 <=> Hg2^2+ + SeO3^2-,6.3·10-15,14.2,,-,-
Hg2WO4,Hg2^2+,WO4^2-,Hg2WO4 <=> Hg2^2+ + WO4^2-,1.1·10-17,16.96,,-,-
In4[Fe(CN)6]3,In^3+,[Fe(CN)6]^4-,In4[Fe(CN)6]3 <=> 4 In^3+ + 3 [Fe(CN)6]^4-,1.9·10-44,43.72,,-,-
In4[Fe(CN)6]3,"In^3+ , Fe^2+",CN^1-,In4[Fe(CN)6]3 <=> 4 In^3+ + 3 [Fe(CN)6]^4-,1.9·10-44,43.72,,-,-
In(IO3)3,In^3+,IO3^1-,In(IO3)3 <=>  In^3+ + 3 IO3^1-,3·10-3,2.5,,White,https://ru.wikipedia.org/wiki/%D0%98%D0%BE%D0%B4%D0%B0%D1%82_%D0%B8%D0%BD%D0%B4%D0%B8%D1%8F(III)
In(OH)3,In^3+,OH^1-,In(OH)3 <=>  In^3+ + 3 OH^1-,5·10-34,33.3,,White,https://en.wikipedia.org/wiki/Indium(III)_hydroxide
In(OH)3,In^3+,OH^1-,In(OH)3 <=>  InOH^2+ + 2 OH^1-,4·10-24,23.4,,White,https://en.wikipedia.org/wiki/Indium(III)_hydroxide
In(OH)3,In^3+,OH^1-,In(OH)3 <=>  H^1+ + H2InO3^1-,1·10-16,16,,White,https://en.wikipedia.org/wiki/Indium(III)_hydroxide
In2S3,In^3+,S^2-,In2S3 <=> 2 In^3+ + 3 S^2-,5.75·10-74,73.24,,Red,https://en.wikipedia.org/wiki/Indium(III)_sulfide
IrO2,Ir^4+,O^2-,IrO2 <=> Ir^4+ + 2 O^2-,1.6·10-72,71.8,,Blue-black,https://en.wikipedia.org/wiki/Iridium(IV)_oxide
Ir2O3,Ir^3+,O^2-,Ir2O3 <=> 2 Ir^3+ + 3 O^2-,2·10-48,47.7,,Blue-black,https://ru.wikipedia.org/wiki/%D0%9E%D0%BA%D1%81%D0%B8%D0%B4_%D0%B8%D1%80%D0%B8%D0%B4%D0%B8%D1%8F(III)
IrS2,Ir^4+,S^2-,IrS2 <=> Ir^4+ + 2 S^2-,1·10-75,75,,Dark brown,https://ru.wikipedia.org/wiki/%D0%A1%D1%83%D0%BB%D1%8C%D1%84%D0%B8%D0%B4_%D0%B8%D1%80%D0%B8%D0%B4%D0%B8%D1%8F(IV)
K3AlF6,K^1+,AlF6^3-,K3AlF6 <=> 3 K^1+ +  AlF6^3-,1.6·10-9,8.80,,White,https://ru.wikipedia.org/wiki/%D0%93%D0%B5%D0%BA%D1%81%D0%B0%D1%84%D1%82%D0%BE%D1%80%D0%BE%D0%B0%D0%BB%D1%8E%D0%BC%D0%B8%D0%BD%D0%B0%D1%82_%D0%BA%D0%B0%D0%BB%D0%B8%D1%8F
KBF4,K^1+,BF4^1-,KBF4  <=>  K^1+ +  BF4^1-,2·10-3,2.7,,White,https://ru.wikipedia.org/wiki/%D0%A2%D0%B5%D1%82%D1%80%D0%B0%D1%84%D1%82%D0%BE%D1%80%D0%BE%D0%B1%D0%BE%D1%80%D0%B0%D1%82_%D0%BA%D0%B0%D0%BB%D0%B8%D1%8F
KBH4,K^1+,BH4^1-,KBH4  <=>  K^1+ +  BH4^1-,1.3·10-3,2.7,,White,https://ru.wikipedia.org/wiki/%D0%A2%D0%B5%D1%82%D1%80%D0%B0%D0%B3%D0%B8%D0%B4%D1%80%D0%B8%D0%B4%D0%BE%D0%B1%D0%BE%D1%80%D0%B0%D1%82_%D0%BA%D0%B0%D0%BB%D0%B8%D1%8F
K(C6H5)4B,K^1+,(C6H5)4B^1-,K(C6H5)4B  <=>  K^1+ +  (C6H5)4B^1-,2.25·10-8,7.65,,White,https://en.wikipedia.org/wiki/Potassium_tetraphenylborate
KClO4,K^1+,ClO4^1-,KClO4 <=>  K^1+ +  ClO4^1-,1.1·10-2,1.97,,White,https://en.wikipedia.org/wiki/Potassium_perchlorate
K3[Co(NO2)6],K^1+,[Co(NO2)6]^3-,K3[Co(NO2)6]  <=> 3 K^1+ +  [Co(NO2)6]^3-,4.3·10-10,9.37,,Yellow,https://en.wikipedia.org/wiki/Potassium_cobaltinitrite
K3[Co(NO2)6],"K^1+ , Co^3+",NO2^1-,K3[Co(NO2)6]  <=> 3 K^1+ +  [Co(NO2)6]^3-,4.3·10-10,9.37,,Yellow,https://en.wikipedia.org/wiki/Potassium_cobaltinitrite
K2Cu2[Fe(CN)6],"K^1+ , Cu^1+ , Fe^2+",CN^1-,K2Cu2[Fe(CN)6] <=> 2 K^1+ + 2 Cu^1+ + [Fe(CN)6]4-,2.2·10-27,26.66,,-,-
K2Cu2[Fe(CN)6],"K^1+ , Cu^1+",[Fe(CN)6]^4-,K2Cu2[Fe(CN)6] <=> 2 K^1+ + 2 Cu^1+ + [Fe(CN)6]4-,2.2·10-27,26.66,,-,-
K2GeF6,K^1+,GeF6^2-,K2GeF6  <=> 2 K^1+ +  GeF6^2-,3.0·10-5,4.52,,White,https://ru.wikipedia.org/wiki/%D0%93%D0%B5%D0%BA%D1%81%D0%B0%D1%84%D1%82%D0%BE%D1%80%D0%BE%D0%B3%D0%B5%D1%80%D0%BC%D0%B0%D0%BD%D0%B0%D1%82_%D0%BA%D0%B0%D0%BB%D0%B8%D1%8F
K2HfF6,K^1+,HfF6^2-,K2HfF6 <=> 2 K^1+ +  HfF6^2-,2·10-3,2.7,,-,-
K2IrCl6,K^1+,IrCl6^2-,K2IrCl6 <=> 2 K^1+ +  IrCl6^2-,6.8·10-5,4.17,,-,-
KIO4,K^1+,IO4^1-,KIO4 <=>  K^1+ +  IO4^1-,8.3·10-4,03.08,,White,https://en.wikipedia.org/wiki/Potassium_periodate
K2Na[Co(NO2)6],"K^1+ , Na^1+ , Co^3+",NO2^1-,K2Na[Co(NO2)6] <=> 2 K^1+ + Na^1+ + [Co(NO2)6]^3-,2.2·10-11,10.66,,Yellow,https://ru.wikipedia.org/wiki/%D0%93%D0%B5%D0%BA%D1%81%D0%B0%D0%BD%D0%B8%D1%82%D1%80%D0%BE%D0%BA%D0%BE%D0%B1%D0%B0%D0%BB%D1%8C%D1%82%D0%B0%D1%82(III)_%D0%BD%D0%B0%D1%82%D1%80%D0%B8%D1%8F-%D0%B4%D0%B8%D0%BA%D0%B0%D0%BB%D0%B8%D1%8F
K2Na[Co(NO2)6],"K^1+ , Na^1+",[Co(NO2)6]^3-,K2Na[Co(NO2)6] <=> 2 K^1+ + Na^1+ + [Co(NO2)6]^3-,2.2·10-11,10.66,,Yellow,https://ru.wikipedia.org/wiki/%D0%93%D0%B5%D0%BA%D1%81%D0%B0%D0%BD%D0%B8%D1%82%D1%80%D0%BE%D0%BA%D0%BE%D0%B1%D0%B0%D0%BB%D1%8C%D1%82%D0%B0%D1%82(III)_%D0%BD%D0%B0%D1%82%D1%80%D0%B8%D1%8F-%D0%B4%D0%B8%D0%BA%D0%B0%D0%BB%D0%B8%D1%8F
K2[PdCl4],K^1+,[PdCl4]^2-,K2[PdCl4] <=> 2 K^1+ +  [PdCl4]^2-,1.6·10-5,4.9,,Brown-red,https://ru.wikipedia.org/wiki/%D0%A2%D0%B5%D1%82%D1%80%D0%B0%D1%85%D0%BB%D0%BE%D1%80%D0%BE%D0%BF%D0%B0%D0%BB%D0%BB%D0%B0%D0%B4%D0%B0%D1%82(II)_%D0%BA%D0%B0%D0%BB%D0%B8%D1%8F
K2[PdCl4],"K^1+ , Pd^2+",Cl^1-,K2[PdCl4] <=> 2 K^1+ +  [PdCl4]^2-,1.6·10-5,4.9,,Brown-red,https://ru.wikipedia.org/wiki/%D0%A2%D0%B5%D1%82%D1%80%D0%B0%D1%85%D0%BB%D0%BE%D1%80%D0%BE%D0%BF%D0%B0%D0%BB%D0%BB%D0%B0%D0%B4%D0%B0%D1%82(II)_%D0%BA%D0%B0%D0%BB%D0%B8%D1%8F
K2[PdCl6],K^1+,[PdCl6]^2-,K2[PdCl6] <=> 2 K^1+ +  [PdCl6]^2-,6.0·10-6,5.2,,-,-
K2[PdCl6],"K^1+ , Pd^4+",Cl^1-,K2[PdCl6] <=> 2 K^1+ +  [PdCl6]^2-,6.0·10-6,5.2,,-,-
K2[PtCl4],K^1+,[PtCl4]^2-,K2[PtCl4] <=> 2 K^1+ +  [PtCl4]^2-,8·10-3,2.1,,Dark red,https://en.wikipedia.org/wiki/Potassium_tetrachloroplatinate
K2[PtCl4],K^1+ Pt^2+,Cl^1-,K2[PtCl4] <=> 2 K^1+ +  [PtCl4]^2-,8·10-3,2.1,,Dark red,https://en.wikipedia.org/wiki/Potassium_tetrachloroplatinate
K2[PtCl6],K^1+,[PtCl6]^2-,K2[PtCl6] <=> 2 K^1+ +  [PtCl6]^2-,1.1·10-5,4.96,,Orange or yellow,https://en.wikipedia.org/wiki/Potassium_hexachloroplatinate
K2[PtCl6],K^1+ Pt^4+,Cl^1-,K2[PtCl6] <=> 2 K^1+ +  [PtCl6]^2-,1.1·10-5,4.96,,Orange or yellow,https://en.wikipedia.org/wiki/Potassium_hexachloroplatinate
K2[PtF6],K^1+,[PtF6]^2-,K2[PtF6] <=> 2 K^1+ +  [PtF6]^2-,2.9·10-5,4.54,,-,-
KReO4,K^1+,ReO4^1-,KReO4 <=> K^1+ +  ReO4^1-,1.9·10-3,2.72,,Black,https://ru.wikipedia.org/wiki/%D0%9F%D0%B5%D1%80%D1%80%D1%83%D1%82%D0%B5%D0%BD%D0%B0%D1%82_%D0%BA%D0%B0%D0%BB%D0%B8%D1%8F
K2SiF6,K^1+,SiF6^2-,K2SiF6 <=> 2 K^1+ +  SiF6^2-,8.7·10-7,06.06,,White,https://ru.wikipedia.org/wiki/%D0%93%D0%B5%D0%BA%D1%81%D0%B0%D1%84%D1%82%D0%BE%D1%80%D0%BE%D1%81%D0%B8%D0%BB%D0%B8%D0%BA%D0%B0%D1%82(IV)_%D0%BA%D0%B0%D0%BB%D0%B8%D1%8F
K2TiF6,K^1+,TiF6^2-,"K2TiF6 (2K+, TiF62-) <=> 2 K^1+ +  TiF6^2-",5·10-4,3.3,,White,-
K2ZrF6,K^1+,ZrF6^2-,"K2ZrF6 (2K+, ZrF62-) <=> 2 K^1+ +  ZrF6^2-",5·10-4,3.3,,White,https://ru.wikipedia.org/wiki/%D0%93%D0%B5%D0%BA%D1%81%D0%B0%D1%84%D1%82%D0%BE%D1%80%D0%BE%D1%86%D0%B8%D1%80%D0%BA%D0%BE%D0%BD%D0%B0%D1%82(IV)_%D0%BA%D0%B0%D0%BB%D0%B8%D1%8F
La(BrO3)3,La^3+,BrO3^1-,La(BrO3)3 <=>  La^3+ + 3 BrO3^1-,3·10-3,2.5,,White,https://ru.wikipedia.org/wiki/%D0%91%D1%80%D0%BE%D0%BC%D0%B0%D1%82_%D0%BB%D0%B0%D0%BD%D1%82%D0%B0%D0%BD%D0%B0
La2(CO3)3,La^3+,CO3^2-,La2(CO3)3 <=> 2 La^3+ + 3 CO3^2-,4·10-34,33.4,,White,https://en.wikipedia.org/wiki/Lanthanum_carbonate
La2(C2O4)3,La^3+,C2O4^2-,La2(C2O4)3 <=> 2 La^3+ + 3 C2O4^2-,1·10-25,25.0,,White,https://ru.wikipedia.org/wiki/%D0%9E%D0%BA%D1%81%D0%B0%D0%BB%D0%B0%D1%82_%D0%BB%D0%B0%D0%BD%D1%82%D0%B0%D0%BD%D0%B0(III)
La(IO3)3,La^3+,IO3^1-,La(IO3)3 <=>  La^3+ + 3 IO3^1-,6.2·10-12,11.21,,White,https://ru.wikipedia.org/wiki/%D0%98%D0%BE%D0%B4%D0%B0%D1%82_%D0%BB%D0%B0%D0%BD%D1%82%D0%B0%D0%BD%D0%B0
La2(MoO4)3,La^3+,MoO4^2-,La2(MoO4)3 <=> 2 La^3+ + 3 MoO4^2-,2.2·10-21,20.66,,White,https://ru.wikipedia.org/wiki/%D0%9C%D0%BE%D0%BB%D0%B8%D0%B1%D0%B4%D0%B0%D1%82_%D0%BB%D0%B0%D0%BD%D1%82%D0%B0%D0%BD%D0%B0
La(OH)3,La^3+,OH^1-,La(OH)3 <=>  La^3+ + 3 OH^1-,6.5·10-20,19.19,свежеосажденная,White,https://ru.wikipedia.org/wiki/%D0%93%D0%B8%D0%B4%D1%80%D0%BE%D0%BA%D1%81%D0%B8%D0%B4_%D0%BB%D0%B0%D0%BD%D1%82%D0%B0%D0%BD%D0%B0(III)
La(OH)3,La^3+,OH^1-,La(OH)3 <=>  La^3+ + 3 OH^1-,1.3·10-21,20.89,после старения,White,https://ru.wikipedia.org/wiki/%D0%93%D0%B8%D0%B4%D1%80%D0%BE%D0%BA%D1%81%D0%B8%D0%B4_%D0%BB%D0%B0%D0%BD%D1%82%D0%B0%D0%BD%D0%B0(III)
La2S3,La^3+,S^2-,La2S3 <=> 2 La^3+ + 3 S^2-,2.0·10-13,12.70,,Reddish yellow,https://ru.wikipedia.org/wiki/%D0%A2%D1%80%D0%B8%D1%81%D1%83%D0%BB%D1%8C%D1%84%D0%B8%D0%B4_%D0%B4%D0%B8%D0%BB%D0%B0%D0%BD%D1%82%D0%B0%D0%BD%D0%B0
La2(SO4)3,La^3+,SO4^2-,La2(SO4)3 <=> 2 La^3+ + 3 SO4^2-,3·10-5,4.5,,White,https://ru.wikipedia.org/wiki/%D0%A1%D1%83%D0%BB%D1%8C%D1%84%D0%B0%D1%82_%D0%BB%D0%B0%D0%BD%D1%82%D0%B0%D0%BD%D0%B0(III)
Li2CO3,Li^1+,CO3^2-,Li2CO3 <=> 2 Li^1+ +  CO3^2-,4.0·10-3,2.40,,White,https://en.wikipedia.org/wiki/Lithium_carbonate
LiF,Li^1+,F^1-,LiF <=>  Li^1+ +  F^1-,1.7·10-3,2.77,,White,https://en.wikipedia.org/wiki/Lithium_fluoride
LiOH,Li^1+,OH^1-,LiOH <=>  Li^1+ +  OH^1-,4·10-2,1.4,,White,https://en.wikipedia.org/wiki/Lithium_hydroxide
Li3PO4,Li^1+,PO4^3-,Li3PO4 <=> 3 Li^1+ +  PO4^3-,3.2·10-9,8.5,,-,-
Mg3(AsO4)2,Mg^2+,AsO4^3-,Mg3(AsO4)2 <=> 3 Mg^2+ + 2 AsO4^3-,2.1·10-20,19.68,,White,https://ru.wikipedia.org/wiki/%D0%90%D1%80%D1%81%D0%B5%D0%BD%D0%B0%D1%82_%D0%BC%D0%B0%D0%B3%D0%BD%D0%B8%D1%8F
MgCO3,Mg^2+,CO3^2-,MgCO3 <=> Mg^2+ + CO3^2-,2.1·10-5,4.67,,White,https://en.wikipedia.org/wiki/Magnesium_carbonate
MgC2O4,Mg^2+,C2O4^2-,MgC2O4 <=> Mg^2+ + C2O4^2-,8.5·10-5,04.07,,White,https://en.wikipedia.org/wiki/Magnesium_oxalate
MgF2,Mg^2+,F^1-,MgF2 <=>  Mg^2+ + 2 F^1-,6.5·10-9,8.19,,White,https://en.wikipedia.org/wiki/Magnesium_fluoride
Mg(IO3)2,Mg^2+,IO3^1-,Mg(IO3)2 <=>  Mg^2+ + 2 IO3^1-,3·10-3,2.5,,White,https://ru.wikipedia.org/wiki/%D0%98%D0%BE%D0%B4%D0%B0%D1%82_%D0%BC%D0%B0%D0%B3%D0%BD%D0%B8%D1%8F
MgK2[Fe(CN)6],"Mg^2+ , K^1+",[Fe(CN)6]^4-,MgK2[Fe(CN)6] <=> Mg^2+ 2 K^1+ +  [Fe(CN)6]^4-,5·10-9,8.3,,-,-
MgK2[Fe(CN)6],"Mg^2+ , K^1+ , Fe^2+",CN^1-,MgK2[Fe(CN)6] <=> Mg^2+ 2 K^1+ +  [Fe(CN)6]^4-,5·10-9,8.3,,-,-
Mg[(NH4)2Fe(CN)6],Mg^2+,[(NH4)2Fe(CN)6]^2-,Mg[(NH4)2Fe(CN)6] <=> Mg^2+ + [(NH4)2Fe(CN)6]^2-,4·10-8,7.4,,-,-
Mg[(NH4)2Fe(CN)6],"Mg^2+ , (NH4)^1+",[Fe(CN)6]^4-,Mg[(NH4)2Fe(CN)6] <=> Mg^2+ + [(NH4)2Fe(CN)6]^2-,4·10-8,7.4,,-,-
Mg[(NH4)2Fe(CN)6],"Mg^2+ , (NH4)^1+ , Fe^2+",CN^1-,Mg[(NH4)2Fe(CN)6] <=> Mg^2+ + [(NH4)2Fe(CN)6]^2-,4·10-8,7.4,,-,-
MgNH4PO4,Mg^2+,NH4PO4^2-,MgNH4PO4 <=> Mg^2+ + NH4PO4^2-,2.5·10-13,12.6,,White,https://ru.wikipedia.org/wiki/%D0%9E%D1%80%D1%82%D0%BE%D1%84%D0%BE%D1%81%D1%84%D0%B0%D1%82_%D0%B0%D0%BC%D0%BC%D0%BE%D0%BD%D0%B8%D1%8F-%D0%BC%D0%B0%D0%B3%D0%BD%D0%B8%D1%8F
MgNH4PO4,"Mg^2+ , (NH4)^1+",PO4^3-,MgNH4PO4 <=> Mg^2+ + NH4PO4^2-,2.5·10-13,12.6,,White,https://ru.wikipedia.org/wiki/%D0%9E%D1%80%D1%82%D0%BE%D1%84%D0%BE%D1%81%D1%84%D0%B0%D1%82_%D0%B0%D0%BC%D0%BC%D0%BE%D0%BD%D0%B8%D1%8F-%D0%BC%D0%B0%D0%B3%D0%BD%D0%B8%D1%8F
Mg(OH)2,Mg^2+,OH^1-,Mg(OH)2 <=>  Mg^2+ + 2 OH^1-,6.0·10-10,9.22,свежеосажденная,White,https://en.wikipedia.org/wiki/Magnesium_hydroxide
Mg(OH)2,Mg^2+,OH^1-,Mg(OH)2 <=>  Mg^2+ + 2 OH^1-,7.1·10-12,11.15,после старения,White,https://en.wikipedia.org/wiki/Magnesium_hydroxide
Mg(OH)2,Mg^2+,OH^1-,Mg(OH)2 <=>  Mg^2+ + 2 OH^1-,2.7·10-9,8.57,после старения,White,https://en.wikipedia.org/wiki/Magnesium_hydroxide
Mg3(PO4)2,Mg^2+,PO4^3-,Mg3(PO4)2 <=> 3 Mg^2+ + 2 PO4^3-,1·10-13,13.0,,White,https://en.wikipedia.org/wiki/Trimagnesium_phosphate
MgSO3,Mg^2+,SO3^2-,MgSO3 <=> Mg^2+ + SO3^2-,3·10-3,2.5,,White,https://ru.wikipedia.org/wiki/%D0%A1%D1%83%D0%BB%D1%8C%D1%84%D0%B8%D1%82_%D0%BC%D0%B0%D0%B3%D0%BD%D0%B8%D1%8F
MgSeO3,Mg^2+,SeO3^2-,MgSeO3 <=> Mg^2+ + SeO3^2-,4.4·10-6,5.36,,White,https://ru.wikipedia.org/wiki/%D0%A1%D0%B5%D0%BB%D0%B5%D0%BD%D0%B8%D1%82_%D0%BC%D0%B0%D0%B3%D0%BD%D0%B8%D1%8F
Mn3(AsO4)2,Mn^2+,AsO4^3-,Mn3(AsO4)2 <=> 3 Mn^2+ + 2 AsO4^3-,1.9·10-29,28.72,,-,-
MnCO3,Mn^2+,CO3^2-,MnCO3 <=> Mn^2+ + CO3^2-,1.8·10-11,10.74,,White or light pink,https://en.wikipedia.org/wiki/Manganese(II)_carbonate
MnC2O4,Mn^2+,C2O4^2-,MnC2O4 <=> Mn^2+ + C2O4^2-,5·10-6,5.3,,Light pink,https://ru.wikipedia.org/wiki/%D0%9E%D0%BA%D1%81%D0%B0%D0%BB%D0%B0%D1%82_%D0%BC%D0%B0%D1%80%D0%B3%D0%B0%D0%BD%D1%86%D0%B0
Mn2Fe(CN)6,Mn^2+,[Fe(CN)6]^4-,Mn2Fe(CN)6 <=> 2 Mn^2+ + [Fe(CN)6]^4-,7.9·10-13,12.10,,Light green,https://ru.wikipedia.org/wiki/%D0%93%D0%B5%D0%BA%D1%81%D0%B0%D1%86%D0%B8%D0%B0%D0%BD%D0%BE%D1%84%D0%B5%D1%80%D1%80%D0%B0%D1%82(II)_%D0%BC%D0%B0%D1%80%D0%B3%D0%B0%D0%BD%D1%86%D0%B0
Mn2Fe(CN)6,"Mn^2+ , Fe^2+",CN^1-,Mn2Fe(CN)6 <=> 2 Mn^2+ + [Fe(CN)6]^4-,7.9·10-13,12.10,,Light green,https://ru.wikipedia.org/wiki/%D0%93%D0%B5%D0%BA%D1%81%D0%B0%D1%86%D0%B8%D0%B0%D0%BD%D0%BE%D1%84%D0%B5%D1%80%D1%80%D0%B0%D1%82(II)_%D0%BC%D0%B0%D1%80%D0%B3%D0%B0%D0%BD%D1%86%D0%B0
MnNH4PO4,Mn^2+,NH4PO4^2-,MnNH4PO4 <=> Mn^2+ + NH4PO4^2-,1·10-12,12,,-,-
MnNH4PO4,"Mn^2+ , (NH4)^1+",PO4^3-,MnNH4PO4 <=> Mn^2+ + NH4PO4^2-,1·10-12,12,,-,-
Mn(OH)2,Mn^2+,OH^1-,Mn(OH)2 <=>  Mn^2+ + 2 OH^1-,1.9·10-13,12.72,,Light pink,https://en.wikipedia.org/wiki/Manganese(II)_hydroxide
Mn(OH)2,Mn^2+,OH^1-,Mn(OH)2 <=>  MnOH^1+ + OH^1-,1.5·10-9,8.82,,Light pink,https://en.wikipedia.org/wiki/Manganese(II)_hydroxide
Mn(OH)2,Mn^2+,OH^1-,Mn(OH)2 <=>  H^1+ + HMnO2^1-,1·10-19,19.0,,Light pink,https://en.wikipedia.org/wiki/Manganese(II)_hydroxide
Mn(OH)3,Mn^3+,OH^1-,Mn(OH)3 <=>  Mn^3+ + 3 OH^1-,1·10-36,36,,-,-
Mn(OH)4,Mn^4+,OH^1-,Mn(OH)4 <=>  Mn^4+ + 4 OH^1-,1·10-56,56,,-,-
MnS,Mn^2+,S^2-,MnS <=> Mn^2+ + S^2-,2.5·10-10,9.60,,Light brown,https://en.wikipedia.org/wiki/Manganese(II)_sulfide
MnS,Mn^2+,S^2-,MnS <=> Mn^2+ + S^2-,2.5·10-13,12.60,,Green,https://en.wikipedia.org/wiki/Manganese(II)_sulfide
MnSeO3,Mn^2+,SeO3^2-,MnSeO3 <=> Mn^2+ + SeO3^2-,5.4·10-8,7.27,,-,https://ru.wikipedia.org/wiki/%D0%A1%D0%B5%D0%BB%D0%B5%D0%BD%D0%B8%D1%82_%D0%BC%D0%B0%D1%80%D0%B3%D0%B0%D0%BD%D1%86%D0%B0
Mo(OH)4,Mo^4+,OH^1-,Mo(OH)4 <=>  Mo^4+ + 4 OH^1-,1·10-50,50,,-,-
(NH4)3AlF6,(NH4)^1+,AlF6^3-,(NH4)3AlF6 <=> 3 (NH4)^1+ +  AlF6^3-,1.6·10-3,2.80,,White,https://en.wikipedia.org/wiki/Ammonium_hexafluoroaluminate
(NH4)3[Co(NO2)6],(NH4)^1+,[Co(NO2)6]^3-,(NH4)3[Co(NO2)6] <=> 3 (NH4)^1+ +  [Co(NO2)6]^3-,7.6·10-6,5.12,,-,-
(NH4)3[Co(NO2)6],"(NH4)^1+ , Co^3+",NO2^1-,(NH4)3[Co(NO2)6] <=> 3 (NH4)^1+ +  [Co(NO2)6]^3-,7.6·10-6,5.12,,-,-
(NH4)2[IrCl6],(NH4)^1+,[IrCl6]^2-,(NH4)2[IrCl6] <=> 2 (NH4)^1+ +  [IrCl6]^2-,3·10-5,4.5,,Dark brown,https://en.wikipedia.org/wiki/Ammonium_hexachloroiridate(IV)
(NH4)2[IrCl6],"(NH4)^1+ , Ir ^4+",Cl^1-,(NH4)2[IrCl6] <=> 2 (NH4)^1+ +  [IrCl6]^2-,3·10-5,4.5,,Dark brown,https://en.wikipedia.org/wiki/Ammonium_hexachloroiridate(IV)
(NH4)2[PtCl6],(NH4)^1+,[PtCl6]^2-,(NH4)2[PtCl6] <=> 2 (NH4)^1+ +  [PtCl6]^2-,9·10-6,05.05,,Yellow,https://en.wikipedia.org/wiki/Ammonium_hexachloroplatinate
(NH4)2[PtCl6],"(NH4)^1+ , Pt ^4+",Cl^1-,(NH4)2[PtCl6] <=> 2 (NH4)^1+ +  [PtCl6]^2-,9·10-6,05.05,,Yellow,https://en.wikipedia.org/wiki/Ammonium_hexachloroplatinate
Na3AlF6,Na^1+,AlF6^3-,Na3AlF6 <=> 3 Na^1+ +  AlF6^3-,4.1·10-10,9.39,,White,https://en.wikipedia.org/wiki/Sodium_hexafluoroaluminate
Na2BeF4,Na^1+,BeF4^2-,Na2BeF4 <=> 2 Na^1+ +  BeF4^2-,7·10-3,2.15,,-,https://en.wikipedia.org/wiki/Tetrafluoroberyllate
NaIO4,Na^1+,IO4^1-,NaIO4 <=>  Na^1+ +  IO4^1-,3·10-3,2.5,,White,https://en.wikipedia.org/wiki/Sodium_periodate
Na[Sb(OH)6],Na^1+,[Sb(OH)6]^1-,Na[Sb(OH)6] <=> Na^1+ +  [Sb(OH)6]^1-,4·10-8,7.4,,White,https://ru.wikipedia.org/wiki/%D0%93%D0%B5%D0%BA%D1%81%D0%B0%D0%B3%D0%B8%D0%B4%D1%80%D0%BE%D0%BA%D1%81%D0%BE%D0%B0%D0%BD%D1%82%D0%B8%D0%BC%D0%BE%D0%BD%D0%B0%D1%82(V)_%D0%BD%D0%B0%D1%82%D1%80%D0%B8%D1%8F
Na2[SiF6],Na^1+,[SiF6]^1-,Na2[SiF6] <=>  Na^1+ +  [SiF6]^1-,2.8·10-4,3.56,,White,https://en.wikipedia.org/wiki/Sodium_fluorosilicate
Ni3(AsO4)2,Ni^2+,AsO4^3-,Ni3(AsO4)2 <=> 3 Ni^2+ + 2 AsO4^3-,3.1·10-26,25.51,,Yellow,https://ru.wikipedia.org/wiki/%D0%90%D1%80%D1%81%D0%B5%D0%BD%D0%B0%D1%82_%D0%BD%D0%B8%D0%BA%D0%B5%D0%BB%D1%8F(II)
Ni(BO2)2,Ni^2+,BO2^1-,Ni(BO2)2 <=>  Ni^2+ + 2 BO2^1-,2·10-9,8.7,,-,-
Ni(C4H7O2N2)2,Ni^2+,(C4H7O2N2)^1-,Ni(C4H7O2N2)2 <=>  Ni^2+ + 2 (C4H7O2N2)^1-,2.3·10-25,24.64,диметилглиоксимат,Pink red,https://en.wikipedia.org/wiki/Dimethylglyoxime
Ni(CN)2,Ni^2+,CN^1-,Ni(CN)2 <=>  Ni^2+ + 2 CN^1-,3·10-23,22.5,,Brown yellow,https://ru.wikipedia.org/wiki/%D0%A6%D0%B8%D0%B0%D0%BD%D0%B8%D0%B4_%D0%BD%D0%B8%D0%BA%D0%B5%D0%BB%D1%8F(II)
NiCO3,Ni^2+,CO3^2-,NiCO3 <=> Ni^2+ + CO3^2-,1.3·10-7,6.87,,Light green,https://en.wikipedia.org/wiki/Nickel(II)_carbonate
NiC2O4,Ni^2+,C2O4^2-,NiC2O4 <=> Ni^2+ + C2O4^2-,4·10-10,9.4,,Light green,https://ru.wikipedia.org/wiki/%D0%9E%D0%BA%D1%81%D0%B0%D0%BB%D0%B0%D1%82_%D0%BD%D0%B8%D0%BA%D0%B5%D0%BB%D1%8F(II)
Ni(ClO3)2,Ni^2+,ClO3^1-,Ni(ClO3)2 <=>  Ni^2+ + 2 ClO3^1-,1·10-4,4,,Green,https://ru.wikipedia.org/wiki/%D0%A5%D0%BB%D0%BE%D1%80%D0%B0%D1%82_%D0%BD%D0%B8%D0%BA%D0%B5%D0%BB%D1%8F(II)
Ni2[Fe(CN)]6,Ni^2+,[Fe(CN)6]^4-,Ni2[Fe(CN)]6 <=> 2Ni^2+ + [Fe(CN)6]^4-,1.3·10-15,14.89,,Greyish green,https://ru.wikipedia.org/wiki/%D0%93%D0%B5%D0%BA%D1%81%D0%B0%D1%86%D0%B8%D0%B0%D0%BD%D0%BE%D1%84%D0%B5%D1%80%D1%80%D0%B0%D1%82(II)_%D0%BD%D0%B8%D0%BA%D0%B5%D0%BB%D1%8F
Ni2[Fe(CN)]6,"Ni^2+ , Fe^2+",CN^1-,Ni2[Fe(CN)]6 <=> 2Ni^2+ + [Fe(CN)6]^4-,1.3·10-15,14.89,,Greyish green,https://ru.wikipedia.org/wiki/%D0%93%D0%B5%D0%BA%D1%81%D0%B0%D1%86%D0%B8%D0%B0%D0%BD%D0%BE%D1%84%D0%B5%D1%80%D1%80%D0%B0%D1%82(II)_%D0%BD%D0%B8%D0%BA%D0%B5%D0%BB%D1%8F
Ni(IO3)2,Ni^2+,IO3^1-,Ni(IO3)2 <=>  Ni^2+ + 2 IO3^1-,1.4·10-8,7.85,,Yellow,https://ru.wikipedia.org/wiki/%D0%98%D0%BE%D0%B4%D0%B0%D1%82_%D0%BD%D0%B8%D0%BA%D0%B5%D0%BB%D1%8F(II)
[Ni(NH3)6](BF4)2,"Ni^2+ , (NH3)0",BF4^1-,[Ni(NH3)6](BF4)2 <=>  Ni^2+ 6 (NH3)^0 + 2 BF4^1-,1·10-6,6,,-,-
[Ni(NH3)6](BF4)2,[Ni(NH3)6]^2+,BF4^1-,[Ni(NH3)6](BF4)2 <=>  Ni^2+ 6 (NH3)^0 + 2 BF4^1-,1·10-6,6,,-,-
[Ni(NH3)6](ReO4)2,"Ni^2+ , (NH3)0",ReO4^1-,[Ni(NH3)6](ReO4)2 <=>  Ni^2+ 6 (NH3)^0 + 2 ReO4^1-,5.1·10-4,3.29,,-,-
[Ni(NH3)6](ReO4)2,[Ni(NH3)6]^2+,ReO4^1-,[Ni(NH3)6](ReO4)2 <=>  Ni^2+ 6 (NH3)^0 + 2 ReO4^1-,5.1·10-4,3.29,,-,-
Ni(OH)2,Ni^2+,OH^1-,Ni(OH)2 <=>  Ni^2+ + 2 OH^1-,2.0·10-15,14.89,свежеосажденная,Green,https://en.wikipedia.org/wiki/Nickel(II)_hydroxide
Ni(OH)2,Ni^2+,OH^1-,Ni(OH)2 <=>  Ni^2+ + 2 OH^1-,6.3·10-18,17.20,после старения,Green,https://en.wikipedia.org/wiki/Nickel(II)_hydroxide
Ni2P2O7,Ni^2+,P2O7^4-,Ni2P2O7 <=> 2 Ni^2+ + P2O7^4-,1.7·10-13,12.77,,Yellow or green,https://ru.wikipedia.org/wiki/%D0%9F%D0%B8%D1%80%D0%BE%D1%84%D0%BE%D1%81%D1%84%D0%B0%D1%82_%D0%BD%D0%B8%D0%BA%D0%B5%D0%BB%D1%8F(II)
NiS α,Ni^2+,S^2-,NiS α <=> Ni^2+ + S^2-,3.2·10-19,18.50,α,Black,https://en.wikipedia.org/wiki/Nickel_sulfide
NiS β,Ni^2+,S^2-,NiS β <=> Ni^2+ + S^2-,1·10-24,24.0,β,Black,https://en.wikipedia.org/wiki/Nickel_sulfide
NiS γ,Ni^2+,S^2-,NiS γ <=> Ni^2+ + S^2-,2.0·10-26,25.70,γ,Black,https://en.wikipedia.org/wiki/Nickel_sulfide
NiSeO3,Ni^2+,SeO3^2-,NiSeO3 <=> Ni^2+ + SeO3^2-,1.0·10-5,5.0,,-,-
Np(O)2(OH)2,NpO2^2+,OH^1-,Np(O)2(OH)2 <=>  NpO2^2+ + 2 OH^1-,2.5·10-22,21.6,,-,-
Pb3(AsO4)2,Pb^2+,AsO4^3-,Pb3(AsO4)2 <=> 3 Pb^2+ + 2 AsO4^3-,4.1·10-36,35.39,,White,https://ru.wikipedia.org/wiki/%D0%9E%D1%80%D1%82%D0%BE%D0%B0%D1%80%D1%81%D0%B5%D0%BD%D0%B0%D1%82_%D1%81%D0%B2%D0%B8%D0%BD%D1%86%D0%B0(II)
Pb(BO2)2,Pb^2+,BO2^1-,Pb(BO2)2 <=>  Pb^2+ + 2 BO2^1-,1.7·10-11,10.78,,White,https://ru.wikipedia.org/wiki/%D0%9C%D0%B5%D1%82%D0%B0%D0%B1%D0%BE%D1%80%D0%B0%D1%82_%D1%81%D0%B2%D0%B8%D0%BD%D1%86%D0%B0(II)
PbBr2,Pb^2+,Br^1-,PbBr2 <=>  Pb^2+ + 2 Br^1-,9.1·10-6,05.04,,White,https://en.wikipedia.org/wiki/Lead(II)_bromide
Pb(BrO3)2,Pb^2+,BrO3^1-,Pb(BrO3)2 <=>  Pb^2+ + 2 BrO3^1-,8.0·10-6,5.10,,White,https://ru.wikipedia.org/wiki/%D0%91%D1%80%D0%BE%D0%BC%D0%B0%D1%82_%D1%81%D0%B2%D0%B8%D0%BD%D1%86%D0%B0(II)
PbCO3,Pb^2+,CO3^2-,PbCO3 <=> Pb^2+ + CO3^2-,7.5·10-14,13.13,,White,https://en.wikipedia.org/wiki/Lead_carbonate
PbC2O4,Pb^2+,C2O4^2-,PbC2O4 <=> Pb^2+ + C2O4^2-,4.8·10-10,9.32,,White,https://en.wikipedia.org/wiki/Lead(II)_oxalate
PbCl2,Pb^2+,Cl^1-,PbCl2 <=>  Pb^2+ + 2 Cl^1-,1.6·10-5,4.79,,White,https://en.wikipedia.org/wiki/Lead(II)_chloride
PbClF,Pb^2+,"Cl^1- , F^1-",PbClF <=>  Pb^2+ + Cl^1- + F^1-,2.8·10-9,8.55,,White,https://ru.wikipedia.org/wiki/%D0%A4%D1%82%D0%BE%D1%80%D0%B8%D0%B4-%D1%85%D0%BB%D0%BE%D1%80%D0%B8%D0%B4_%D1%81%D0%B2%D0%B8%D0%BD%D1%86%D0%B0(II)
PbCrO4,Pb^2+,CrO4^2-,PbCrO4 <=> Pb^2+ + CrO4^2-,1.8·10-14,13.75,,Orange-yellow,https://en.wikipedia.org/wiki/Lead(II)_chromate
PbF2,Pb^2+,F^1-,PbF2 <=>  Pb^2+ + 2 F^1-,2.7·10-8,7.57,,White,https://en.wikipedia.org/wiki/Lead(II)_fluoride
Pb2[Fe(CN)6],Pb^2+,[Fe(CN)6]^4-,Pb2[Fe(CN)6] <=> 2 Pb^2+ + [Fe(CN)6]^4-,9.55·10-19,18.02,,Light yellow,https://ru.wikipedia.org/wiki/%D0%93%D0%B5%D0%BA%D1%81%D0%B0%D1%86%D0%B8%D0%B0%D0%BD%D0%BE%D1%84%D0%B5%D1%80%D1%80%D0%B0%D1%82(II)_%D1%81%D0%B2%D0%B8%D0%BD%D1%86%D0%B0
Pb2[Fe(CN)6],"Pb^2+ , Fe^2+",CN^1-,Pb2[Fe(CN)6] <=> 2 Pb^2+ + [Fe(CN)6]^4-,9.55·10-19,18.02,,Light yellow,https://ru.wikipedia.org/wiki/%D0%93%D0%B5%D0%BA%D1%81%D0%B0%D1%86%D0%B8%D0%B0%D0%BD%D0%BE%D1%84%D0%B5%D1%80%D1%80%D0%B0%D1%82(II)_%D1%81%D0%B2%D0%B8%D0%BD%D1%86%D0%B0
PbI2,Pb^2+,I^1-,PbI2 <=>  Pb^2+ + 2 I^1-,1.1·10-9,8.98,,Yellow,https://en.wikipedia.org/wiki/Lead(II)_iodide
Pb(IO3)2,Pb^2+,IO3^1-,Pb(IO3)2 <=>  Pb^2+ + 2 IO3^1-,2.6·10-13,12.58,,White,https://ru.wikipedia.org/wiki/%D0%98%D0%BE%D0%B4%D0%B0%D1%82_%D1%81%D0%B2%D0%B8%D0%BD%D1%86%D0%B0(II)
PbMoO4,Pb^2+,MoO4^2-,PbMoO4 <=> Pb^2+ + MoO4^2-,4.0·10-6,5.4,,Yellow,https://ru.wikipedia.org/wiki/%D0%9C%D0%BE%D0%BB%D0%B8%D0%B1%D0%B4%D0%B0%D1%82_%D1%81%D0%B2%D0%B8%D0%BD%D1%86%D0%B0
Pb(N3)2,Pb^2+,N3^1-,Pb(N3)2 <=>  Pb^2+ + 2 N3^1-,2.6·10-9,8.59,,White,https://en.wikipedia.org/wiki/Lead(II)_azide
PbO2,Pb^4+,O^2-,PbO2 <=> Pb^4+ + 2 O^2-,3.0·10-66,65.5,,Dark brown,https://en.wikipedia.org/wiki/Lead_dioxide
Pb2PbO4,Pb^2+,PbO4^4-,Pb2PbO4 <=> 2 Pb^2+ + PbO4^4-,5.3·10-51,50.28,,-,-
Pb(OH)2,Pb^2+,OH^1-,Pb(OH)2 <=>  Pb^2+ + 2 OH^1-,5·10-16,15.3,,Red,https://en.wikipedia.org/wiki/Lead(II)_hydroxide
Pb(OH)2,Pb^2+,OH^1-,Pb(OH)2 <=>  Pb^2+ + 2 OH^1-,7.9·10-16,15.1,,Yellow,https://en.wikipedia.org/wiki/Lead(II)_hydroxide
Pb(OH)2,Pb^2+,OH^1-,Pb(OH)2 <=>  PbOH^1+ + OH^1-,6.3·10-9,8.2,,Yellow,https://en.wikipedia.org/wiki/Lead(II)_hydroxide
Pb(OH)2,Pb^2+,OH^1-,Pb(OH)2  <=> H+ + HPbO2^1-,3.2·10-16,15.5,,Yellow,https://en.wikipedia.org/wiki/Lead(II)_hydroxide
PbOHBr,Pb^2+,"OH^1- , Br^1-",PbOHBr <=>  Pb^2+ + OH^1- + Br^1-,2·10-15,14.7,,-,-
Pb2(OH)2(CO3)2,Pb^2+,"OH^1- , CO3^2-",Pb2(OH)2(CO3)2 <=> 2 Pb^2+ + 2 OH^1- + 2 CO3^2-,3.5·10-46,45.46,,White,https://ru.wikipedia.org/wiki/%D0%9E%D1%81%D0%BD%D0%BE%D0%B2%D0%BD%D0%BE%D0%B9_%D0%BA%D0%B0%D1%80%D0%B1%D0%BE%D0%BD%D0%B0%D1%82_%D1%81%D0%B2%D0%B8%D0%BD%D1%86%D0%B0
PbOHCl,Pb^2+,"OH^1- , Cl^1-",PbOHCl <=>  Pb^2+ + OH^1- + Cl^1-,2·10-14,13.7,,White,https://ru.wikipedia.org/wiki/%D0%93%D0%B8%D0%B4%D1%80%D0%BE%D0%BA%D1%81%D0%B8%D0%B4-%D1%85%D0%BB%D0%BE%D1%80%D0%B8%D0%B4_%D1%81%D0%B2%D0%B8%D0%BD%D1%86%D0%B0(II)
Pb3(PO4)2,Pb^2+,PO4^3-,Pb3(PO4)2 <=> 3 Pb^2+ + 2 PO4^3-,7.9·10-43,42.10,,White,https://en.wikipedia.org/wiki/Lead(II)_phosphate
Pb5(PO4)3Cl,Pb^2+,"PO4^3- ,Cl^1-",Pb5(PO4)3Cl <=> 5 Pb^2+ + 3 PO4^3- + Cl^1-,7.5·10-80,79.12,,-,-
PbPO3F,Pb^2+,PO3F^2-,PbPO3F <=> Pb^2+ + PO3F^2-,1·10-7,7.0,,-,-
PbS,Pb^2+,S^2-,PbS <=> Pb^2+ + S^2-,2.5·10-27,26.60,,Black,https://en.wikipedia.org/wiki/Lead(II)_sulfide
Pb(SCN)2,Pb^2+,SCN^1-,Pb(SCN)2 <=>  Pb^2+ + 2 SCN^1-,2.0·10-5,4.70,,White,https://en.wikipedia.org/wiki/Lead(II)_thiocyanate
PbSO4,Pb^2+,SO4^2-,PbSO4 <=> Pb^2+ + SO4^2-,1.6·10-8,7.80,,White,https://en.wikipedia.org/wiki/Lead(II)_sulfate
PbS2O3,Pb^2+,S2O3^2-,PbS2O3 <=> Pb^2+ + S2O3^2-,4.0·10-7,6.40,,White,https://ru.wikipedia.org/wiki/%D0%A2%D0%B8%D0%BE%D1%81%D1%83%D0%BB%D1%8C%D1%84%D0%B0%D1%82_%D1%81%D0%B2%D0%B8%D0%BD%D1%86%D0%B0(II)
PbSe,Pb^2+,Se^2-,PbSe <=> Pb^2+ + Se^2-,1·10-38,38,,Gray,https://en.wikipedia.org/wiki/Lead_selenide
PbSeO3,Pb^2+,SeO3^2-,PbSeO3 <=> Pb^2+ + SeO3^2-,3·10-12,11.5,,White,https://ru.wikipedia.org/wiki/%D0%A1%D0%B5%D0%BB%D0%B5%D0%BD%D0%B8%D1%82_%D1%81%D0%B2%D0%B8%D0%BD%D1%86%D0%B0(II)
PbSeO4,Pb^2+,SeO4^2-,PbSeO4 <=> Pb^2+ + SeO4^2-,1.45·10-7,6.84,,White,https://ru.wikipedia.org/wiki/%D0%A1%D0%B5%D0%BB%D0%B5%D0%BD%D0%B0%D1%82_%D1%81%D0%B2%D0%B8%D0%BD%D1%86%D0%B0(II)
PbWO4,Pb^2+,WO4^2-,PbWO4 <=> Pb^2+ + WO4^2-,4.5·10-7,6.35,,White,https://ru.wikipedia.org/wiki/%D0%92%D0%BE%D0%BB%D1%8C%D1%84%D1%80%D0%B0%D0%BC%D0%B0%D1%82_%D1%81%D0%B2%D0%B8%D0%BD%D1%86%D0%B0(II)
Pd(OH)2,Pd^2+,OH^1-,Pd(OH)2 <=>  Pd^2+ + 2 OH^1-,1·10-31,31,,Brown,https://ru.wikipedia.org/wiki/%D0%93%D0%B8%D0%B4%D1%80%D0%BE%D0%BA%D1%81%D0%B8%D0%B4_%D0%BF%D0%B0%D0%BB%D0%BB%D0%B0%D0%B4%D0%B8%D1%8F(II)
Pd(OH)4,Pd^4+,OH^1-,Pd(OH)4 <=>  Pd^4+ + 4 OH^1-,6.5·10-71,70.2,,-,-
PoS,Po^2+,S^2-,PoS <=> Po^2+ + S^2-,5·10-29,28.3,,Black,https://ru.wikipedia.org/wiki/%D0%A1%D1%83%D0%BB%D1%8C%D1%84%D0%B8%D0%B4_%D0%BF%D0%BE%D0%BB%D0%BE%D0%BD%D0%B8%D1%8F
Po(SO4)2,Po^4+,SO4^2-,Po(SO4)2 <=> Po^4+ + 2 SO4^2-,2.6·10-7,6.58,,White,https://ru.wikipedia.org/wiki/%D0%A1%D1%83%D0%BB%D1%8C%D1%84%D0%B0%D1%82_%D0%BF%D0%BE%D0%BB%D0%BE%D0%BD%D0%B8%D1%8F(IV)
PtBr4,Pt^4+,Br^1-,PtBr4 <=>  Pt^4+ + 4 Br^1-,3·10-41,40.5,,Brownish-black,https://en.wikipedia.org/wiki/Platinum(IV)_bromide
PtCl4,Pt^4+,Cl^1-,PtCl4 <=>  Pt^4+ + 4 Cl^1-,8.0·10-29,28.1,,Brown-red,https://en.wikipedia.org/wiki/Platinum(IV)_chloride
Pt(OH)4,Pt^4+,OH^1-,Pt(OH)4 <=>  Pt^4+ + 4 OH^1-,1.6·10-72,71.8,,Brown-red,https://ru.wikipedia.org/wiki/%D0%93%D0%B8%D0%B4%D1%80%D0%BE%D0%BA%D1%81%D0%B8%D0%B4_%D0%BF%D0%BB%D0%B0%D1%82%D0%B8%D0%BD%D1%8B(IV)
Pt(OH)2,Pt^2+,OH^1-,Pt(OH)2 <=>  Pt^2+ + 2 OH^1-,1·10-35,35,,Black,https://ru.wikipedia.org/wiki/%D0%93%D0%B8%D0%B4%D1%80%D0%BE%D0%BA%D1%81%D0%B8%D0%B4_%D0%BF%D0%BB%D0%B0%D1%82%D0%B8%D0%BD%D1%8B(II)
PtS,Pt^2+,S^2-,PtS <=> Pt^2+ + S^2-,8·10-73,72.1,,Green,https://en.wikipedia.org/wiki/Platinum(II)_sulfide
Pu(IO3)4,Pu^4+,IO3^1-,Pu(IO3)4 <=>  Pu^4+ + 4 IO3^1-,5·10-13,12.3,,Pink or blue,https://ru.wikipedia.org/wiki/%D0%98%D0%BE%D0%B4%D0%B0%D1%82_%D0%BF%D0%BB%D1%83%D1%82%D0%BE%D0%BD%D0%B8%D1%8F(IV)
Pu(O)2CO3,PuO2^2+,CO3^2-,Pu(O)2CO3 <=> PuO2^2+ + CO3^2-,1.7·10-13,12.77,,-,-
Pu(OH)3,Pu^3+,OH^1-,Pu(OH)3 <=>  Pu^3+ + 3 OH^1-,2·10-20,19.7,,Blue,https://ru.wikipedia.org/wiki/%D0%93%D0%B8%D0%B4%D1%80%D0%BE%D0%BA%D1%81%D0%B8%D0%B4_%D0%BF%D0%BB%D1%83%D1%82%D0%BE%D0%BD%D0%B8%D1%8F(III)
Pu(OH)4,Pu^4+,OH^1-,Pu(OH)4 <=>  Pu^4+ + 4 OH^1-,1·10-52,52,,Dark green,https://ru.wikipedia.org/wiki/%D0%93%D0%B8%D0%B4%D1%80%D0%BE%D0%BA%D1%81%D0%B8%D0%B4_%D0%BF%D0%BB%D1%83%D1%82%D0%BE%D0%BD%D0%B8%D1%8F(IV)
Pu(O)2OH,PuO^2+,OH^1-,Pu(O)2OH <=>  PuO^2+ + 2 OH^1-,5·10-10,9.3,,-,-
Pu(O)2(OH)2,PuO2^2+,OH^1-,Pu(O)2(OH)2 <=>  PuO2^2+ + 2 OH^1-,3.2·10-21,20.5,,-,-
Ra(IO3)2,Ra^2+,IO3^1-,Ra(IO3)2 <=>  Ra^2+ + 2 IO3^1-,8.8·10-10,09.06,,White,https://ru.wikipedia.org/wiki/%D0%98%D0%BE%D0%B4%D0%B0%D1%82_%D1%80%D0%B0%D0%B4%D0%B8%D1%8F
Ra(NO3)2,Ra^2+,NO3^1-,Ra(NO3)2 <=>  Ra^2+ + 2 NO3^1-,6.2·10-3,2.21,,-,-
RaSO4,Ra^2+,SO4^2-,RaSO4 <=> Ra^2+ + SO4^2-,4.3·10-11,10.37,,White,https://ru.wikipedia.org/wiki/%D0%A1%D1%83%D0%BB%D1%8C%D1%84%D0%B0%D1%82_%D1%80%D0%B0%D0%B4%D0%B8%D1%8F
RbBF4,Rb^1+,BF4^1-,RbBF4 <=>  Rb^1+ +  BF4^1-,1·10-3,3.0,,-,-
RbBH4,Rb^1+,BH4^1-,RbBH4 <=>  Rb^1+ +  BH4^1-,2.5·10-4,3.6,,-,-
RbBrO3,Rb^1+,BrO3^1-,RbBrO3 <=>  Rb^1+ +  BrO3^1-,2·10-2,1.7,,White,https://ru.wikipedia.org/wiki/%D0%91%D1%80%D0%BE%D0%BC%D0%B0%D1%82_%D1%80%D1%83%D0%B1%D0%B8%D0%B4%D0%B8%D1%8F
RbClO4,Rb^1+,ClO4^1-,RbClO4 <=>  Rb^1+ +  ClO4^1-,2.5·10-3,2.6,,White,https://ru.wikipedia.org/wiki/%D0%9F%D0%B5%D1%80%D1%85%D0%BB%D0%BE%D1%80%D0%B0%D1%82_%D1%80%D1%83%D0%B1%D0%B8%D0%B4%D0%B8%D1%8F
Rb3[Co(NO2)6],Rb^1+,[Co(NO2)6]^3-,Rb3[Co(NO2)6] <=> 3 Rb^1+ +  [Co(NO2)6]^3-,1.48·10-15,14.83,,-,-
Rb3[Co(NO2)6],"Rb^1+ , Co^3+",NO2^1-,Rb3[Co(NO2)6] <=> 3 Rb^1+ +  [Co(NO2)6]^3-,1.48·10-15,14.83,,-,-
RbIO4,Rb^1+,IO4^1-,RbIO4 <=>  Rb^1+ +  IO4^1-,5.5·10-4,3.26,,White,https://ru.wikipedia.org/wiki/%D0%9F%D0%B5%D1%80%D0%B8%D0%BE%D0%B4%D0%B0%D1%82_%D1%80%D1%83%D0%B1%D0%B8%D0%B4%D0%B8%D1%8F
RbMnO4,Rb^1+,MnO4^1-,RbMnO4 <=>  Rb^1+ +  MnO4^1-,2.9·10-3,2.54,,Red violet,https://ru.wikipedia.org/wiki/%D0%9F%D0%B5%D1%80%D0%BC%D0%B0%D0%BD%D0%B3%D0%B0%D0%BD%D0%B0%D1%82_%D1%80%D1%83%D0%B1%D0%B8%D0%B4%D0%B8%D1%8F
Rb2[PtCl6],Rb^1+,[PtCl6]^2-,Rb2[PtCl6] <=> 2 Rb^1+ +  [PtCl6]^2-,9·10-8,7.2,,Yellow,https://ru.wikipedia.org/wiki/%D0%93%D0%B5%D0%BA%D1%81%D0%B0%D1%85%D0%BB%D0%BE%D1%80%D0%BE%D0%BF%D0%BB%D0%B0%D1%82%D0%B8%D0%BD%D0%B0%D1%82(IV)_%D1%80%D1%83%D0%B1%D0%B8%D0%B4%D0%B8%D1%8F
Rb2[PtCl6],"Rb^1+ , Pt^4+",Cl^1-,Rb2[PtCl6] <=> 2 Rb^1+ +  [PtCl6]^2-,9·10-8,7.2,,Yellow,https://ru.wikipedia.org/wiki/%D0%93%D0%B5%D0%BA%D1%81%D0%B0%D1%85%D0%BB%D0%BE%D1%80%D0%BE%D0%BF%D0%BB%D0%B0%D1%82%D0%B8%D0%BD%D0%B0%D1%82(IV)_%D1%80%D1%83%D0%B1%D0%B8%D0%B4%D0%B8%D1%8F
Rb2[PtF6],Rb^1+,[PtF6]^2-,Rb2[PtF6] <=> 2 Rb^1+ +  [PtF6]^2-,7.6·10-7,6.12,,-,-
Rb2[PtF6],"Rb^1+ , Pt^4+",F^1-,Rb2[PtF6] <=> 2 Rb^1+ +  [PtF6]^2-,7.6·10-7,6.12,,-,-
RbReO4,Rb^1+,ReO4^1-,RbReO4 <=>  Rb^1+ +  ReO4^1-,9.6·10-4,03.02,,White,https://ru.wikipedia.org/wiki/%D0%9F%D0%B5%D1%80%D1%80%D0%B5%D0%BD%D0%B0%D1%82_%D1%80%D1%83%D0%B1%D0%B8%D0%B4%D0%B8%D1%8F
Rb2SiF6,Rb^1+,SiF6^1-,Rb2SiF6 <=>  Rb^1+ +  SiF6^1-,5·10-7,6.3,,-,-
Rb2TiF6,Rb^1+,TiF6^2-,Rb2TiF6 <=> 2 Rb^1+ +  TiF6^2-,5.5·10-5,4.26,,-,-
Rh2O3,Rh^3+,O^2-,Rh2O3 <=> 2 Rh^3+ + 3 O^2-,2·10-48,47.7,,Dark gray,https://en.wikipedia.org/wiki/Rhodium(III)_oxide
Ru2O3,Ru^3+,O^2-,Ru2O3 <=> 2 Ru^3+ + 3 O^2-,1·10-38,38,,Black,https://ru.wikipedia.org/wiki/%D0%9E%D0%BA%D1%81%D0%B8%D0%B4_%D1%80%D1%83%D1%82%D0%B5%D0%BD%D0%B8%D1%8F(III)
Ru(OH)4,Ru^4+,OH^1-,Ru(OH)4 <=>  Ru^4+ + 4 OH^1-,1·10-49,49,,Black,https://ru.wikipedia.org/wiki/%D0%93%D0%B8%D0%B4%D1%80%D0%BE%D0%BA%D1%81%D0%B8%D0%B4_%D1%80%D1%83%D1%82%D0%B5%D0%BD%D0%B8%D1%8F(IV)
Sb2O3,Sb^3+,O^2-,Sb2O3 + 3 H2O <=> 2 Sb^3+ + 6 OH^1-,4·10-42,41.4,,White,https://en.wikipedia.org/wiki/Antimony_trioxide
Sb2O3,Sb^3+,O^2-,Sb2O3 + H2O <=> 2 SbO^1+ + 2 OH^1-,7.9·10-18,17.1,,White,https://en.wikipedia.org/wiki/Antimony_trioxide
Sb2O3,Sb^3+,O^2-,Sb2O3 + 3 H2O <=> 2 H^1+ + 2 H2SbO3^-1,1.3·10-12,11.9,,White,https://en.wikipedia.org/wiki/Antimony_trioxide
Sc(OH)3,Sc^3+,OH^1-,Sc(OH)3 <=>  Sc^3+ + 3 OH^1-,2·10-30,29.7,,White,https://ru.wikipedia.org/wiki/%D0%93%D0%B8%D0%B4%D1%80%D0%BE%D0%BA%D1%81%D0%B8%D0%B4_%D1%81%D0%BA%D0%B0%D0%BD%D0%B4%D0%B8%D1%8F
SnI2,Sn^2+,I^1-,SnI2 <=>  Sn^2+ + 2 I^1-,8.3·10-6,05.08,,Red-orange,https://en.wikipedia.org/wiki/Tin(II)_iodide
Sn(OH)2,Sn^2+,OH^1-,Sn(OH)2 <=> Sn^2+ + 2 OH^1-,6.3·10-27,26.20,,White,https://en.wikipedia.org/wiki/Tin(II)_hydroxide
Sn(OH)2,Sn^2+,OH^1-,Sn(OH)2 <=> SnOH^1+ + OH^1-,4.6·10-15,14.34,,White,https://en.wikipedia.org/wiki/Tin(II)_hydroxide
Sn(OH)2,Sn^2+,OH^1-,Sn(OH)2 <=> H^1+ + HSnO2^1-,1.3·10-15,14.9,,White,https://en.wikipedia.org/wiki/Tin(II)_hydroxide
Sn(OH)4,Sn^4+,OH^1-,Sn(OH)4 <=> Sn^4+ + 4 OH^1-,1·10-57,57,,White,https://ru.wikipedia.org/wiki/%D0%9E%D0%BB%D0%BE%D0%B2%D1%8F%D0%BD%D0%BD%D0%B0%D1%8F_%D0%BA%D0%B8%D1%81%D0%BB%D0%BE%D1%82%D0%B0
SnS,Sn^2+,S^2-,SnS <=> Sn^2+ + S^2-,2.5·10-27,26.6,,Dark brown,https://ru.wikipedia.org/wiki/%D0%A1%D1%83%D0%BB%D1%8C%D1%84%D0%B8%D0%B4_%D0%BE%D0%BB%D0%BE%D0%B2%D0%B0(II)
Sr3(AsO4)2,Sr^2+,AsO4^3-,Sr3(AsO4)2 <=> 3 Sr^2+ + 2 AsO4^3-,1.3·10-18,17.1,,White,https://ru.wikipedia.org/wiki/%D0%9E%D1%80%D1%82%D0%BE%D0%B0%D1%80%D1%81%D0%B5%D0%BD%D0%B0%D1%82_%D1%81%D1%82%D1%80%D0%BE%D0%BD%D1%86%D0%B8%D1%8F
SrCO3,Sr^2+,CO3^2-,SrCO3 <=> Sr^2+ + CO3^2-,1.1·10-10,9.96,,White,https://en.wikipedia.org/wiki/Strontium_carbonate
SrC2O4,Sr^2+,C2O4^2-,SrC2O4 <=> Sr^2+ + C2O4^2-,1.6·10-7,6.80,,White,https://en.wikipedia.org/wiki/Strontium_oxalate
SrCrO4,Sr^2+,CrO4^2-,SrCrO4 <=> Sr^2+ + CrO4^2-,3.6·105,4.44,,Yellow,https://en.wikipedia.org/wiki/Strontium_chromate
SrF2,Sr^2+,F^1-,SrF2 <=>  Sr^2+ + 2 F^1-,2.5·10-9,8.61,,White,https://en.wikipedia.org/wiki/Strontium_fluoride
Sr(IO3)2,Sr^2+,IO3^1-,Sr(IO3)2 <=>  Sr^2+ + 2 IO3^1-,3.3·10-7,6.48,,-,-
SrMoO4,Sr^2+,MoO4^2-,SrMoO4 <=> Sr^2+ + MoO4^2-,2·10-7,6.7,,Gray,https://ru.wikipedia.org/wiki/%D0%9C%D0%BE%D0%BB%D0%B8%D0%B1%D0%B4%D0%B0%D1%82_%D1%81%D1%82%D1%80%D0%BE%D0%BD%D1%86%D0%B8%D1%8F
Sr(OH)2,Sr^2+,OH^1-,Sr(OH)2 <=>  Sr^2+ + 2 OH^1-,3.2·10-4,3.50,,White,https://en.wikipedia.org/wiki/Strontium_hydroxide
Sr3(PO4)2,Sr^2+,PO4^3-,Sr3(PO4)2 <=> 3 Sr^2+ + 2 PO4^3-,1·10-31,31,,-,-
SrPO3F,Sr^2+,PO3F^2-,SrPO3F <=> Sr^2+ + PO3F^2-,3·10-3,2.5,,-,-
SrSO3,Sr^2+,SO3^2-,SrSO3 <=> Sr^2+ + SO3^2-,4·10-8,7.4,,-,-
SrSO4,Sr^2+,SO4^2-,SrSO4 <=> Sr^2+ + SO4^2-,3.2·10-7,6.49,,White,https://en.wikipedia.org/wiki/Strontium_sulfate
SrSeO3,Sr^2+,SeO3^2-,SrSeO3 <=> Sr^2+ + SeO3^2-,4.4·10-6,5.36,,-,-
SrSiF6,Sr^2+,SiF6^2-,SrSiF6 <=> Sr^2+ + SiF6^2-,1.5·10-2,1.82,,-,-
SrWO4,Sr^2+,WO4^2-,SrWO4 <=> Sr^2+ + WO4^2-,2.2·10-10,9.77,,-,-
Te(OH)4,Te^4+,OH^1-,Te(OH)4 <=>  Te^4+ + 4 OH^1-,2·10-58,57.7,,White,https://en.wikipedia.org/wiki/Tellurous_acid
Th(C2O4)2,Th^4+,C2O4^2-,Th(C2O4)2 <=> Th^4+ + 2 C2O4^2-,1.1·10-25,24.96,,-,https://en.wikipedia.org/wiki/Thorium_oxalate
Th(IO3)4,Th^4+,IO3^1-,Th(IO3)4 <=>  Th^4+ + 4 IO3^1-,2.5·10-15,14.6,,-,-
Th(OH)4,Th^4+,OH^1-,Th(OH)4 <=>  Th^4+ + 4 OH^1-,3.2·10-45,44.5,,White,https://ru.wikipedia.org/wiki/%D0%93%D0%B8%D0%B4%D1%80%D0%BE%D0%BA%D1%81%D0%B8%D0%B4_%D1%82%D0%BE%D1%80%D0%B8%D1%8F(IV)
Th(OH)4,Th^4+,OH^1-,Th(OH)4 <=>  Th^4+ + 4 OH^1-,3.2·10-16,15.5,,White,https://ru.wikipedia.org/wiki/%D0%93%D0%B8%D0%B4%D1%80%D0%BE%D0%BA%D1%81%D0%B8%D0%B4_%D1%82%D0%BE%D1%80%D0%B8%D1%8F(IV)
Th3(PO4)4,Th^4+,PO4^3-,Th3(PO4)4 <=> 3 Th^4+ + 4 PO4^3-,2.6·10-79,78.59,,-,-
Th(SO4)2,Th^4+,SO4^2-,Th(SO4)2 <=> Th^4+ + 2 SO4^2-,4·10-3,2.4,,-,-
Ti(OH)4,Ti^4+,OH^1-,Ti(OH)4 <=>  Ti^4+ + 4 OH^1-,8·10-54,53.10,,White,https://en.wikipedia.org/wiki/Titanic_acid
Ti(OH)4,Ti^4+,OH^1-,Ti(OH)4 <=>  Ti^4+ + 4 OH^1-,1·10-29,29,,White,https://en.wikipedia.org/wiki/Titanic_acid
TlBr,Tl^1+,Br^1-,TlBr <=>  Tl^1+ +  Br^1-,3.9·10-6,5.41,,Light yellow,https://en.wikipedia.org/wiki/Thallium(I)_bromide
TlBrO3,Tl^1+,BrO3^1-,TlBrO3 <=>  Tl^1+ +  BrO3^1-,1.7·10-4,3.78,,White,https://ru.wikipedia.org/wiki/%D0%91%D1%80%D0%BE%D0%BC%D0%B0%D1%82_%D1%82%D0%B0%D0%BB%D0%BB%D0%B8%D1%8F(I)
Tl2CO3,Tl^1+,CO3^2-,Tl2CO3 <=> 2 Tl^1+ +  CO3^2-,4·10-3,2.4,,White,https://en.wikipedia.org/wiki/Thallium(I)_carbonate
Tl2C2O4,Tl^1+,C2O4^2-,Tl2C2O4 <=> 2 Tl^1+ +  C2O4^2-,2·10-4,3.7,,-,-
TlCl,Tl^1+,Cl^1-,TlCl <=>  Tl^1+ +  Cl^1-,1.7·10-4,3.76,,White,https://en.wikipedia.org/wiki/Thallium(I)_chloride
TlClO4,Tl^1+,ClO4^1-,TlClO4 <=>  Tl^1+ +  ClO4^1-,4·10-2,1.4,,White,https://ru.wikipedia.org/wiki/%D0%9F%D0%B5%D1%80%D1%85%D0%BB%D0%BE%D1%80%D0%B0%D1%82_%D1%82%D0%B0%D0%BB%D0%BB%D0%B8%D1%8F(I)
Tl3[Co(NO2)6],Tl^1+,[Co(NO2)6]^3-,Tl3[Co(NO2)6] <=> 3 Tl^1+ +  [Co(NO2)6]^3-,1.0·10-16,16.0,,-,-
Tl3[Co(NO2)6],"Tl^1+ , Co^3+",NO2^1-,Tl3[Co(NO2)6] <=> 3 Tl^1+ +  [Co(NO2)6]^3-,1.0·10-16,16.0,,-,-
Tl2CrO4,Tl^1+,CrO4^2-,Tl2CrO4 <=> 2 Tl^1+ +  CrO4^2-,9.8·10-13,12.0,,Yellow,https://ru.wikipedia.org/wiki/%D0%A5%D1%80%D0%BE%D0%BC%D0%B0%D1%82_%D1%82%D0%B0%D0%BB%D0%BB%D0%B8%D1%8F(I)
Tl4Fe(CN)6,Tl^1+,[Fe(CN)6]^4-,Tl4[Fe(CN)6] <=> 4 Tl^1+ +  [Fe(CN)6]^4-,5·10-10,9.3,,-,-
Tl4Fe(CN)6,"Tl^1+ , Fe^2+",CN^1-,Tl4[Fe(CN)6] <=> 4 Tl^1+ +  [Fe(CN)6]^4-,5·10-10,9.3,,-,-
TlI,Tl^1+,I^1-,TlI <=>  Tl^1+ +  I^1-,5.75·10-8,7.24,,Yellow,https://en.wikipedia.org/wiki/Thallium(I)_iodide
TlIO3,Tl^1+,IO3^1-,TlIO3 <=>  Tl^1+ +  IO3^1-,3.1·10-6,5.51,,-,-
TlN3,Tl^1+,N3^1-,TlN3 <=>  Tl^1+ +  N3^1-,2.2·10-4,3.66,,Yellow brown,https://en.wikipedia.org/wiki/Thallium_azide
Tl(OH)3,Tl^3+,OH^1-,Tl(OH)3 <=>  Tl^3+ + 3 OH^1-,6.3·10-46,45.20,,White,https://en.wikipedia.org/wiki/Thallium(III)_hydroxide
Tl3PO4,Tl^1+,PO4^3-,Tl3PO4 <=> 3 Tl^1+ +  PO4^3-,6.7·10-8,7.18,,White,https://ru.wikipedia.org/wiki/%D0%A4%D0%BE%D1%81%D1%84%D0%B0%D1%82_%D1%82%D0%B0%D0%BB%D0%BB%D0%B8%D1%8F(I)
Tl2PtCl6,Tl^1+,[PtCl6]^2-,Tl2PtCl6 <=> 2 Tl^1+ +  [PtCl6]^2-,4·10-12,11.4,,Yellow,https://ru.wikipedia.org/wiki/%D0%93%D0%B5%D0%BA%D1%81%D0%B0%D1%85%D0%BB%D0%BE%D1%80%D0%BE%D0%BF%D0%BB%D0%B0%D1%82%D0%B8%D0%BD%D0%B0%D1%82(IV)_%D1%82%D0%B0%D0%BB%D0%BB%D0%B8%D1%8F
Tl2PtCl6,"Tl^1+ , Pt^4+",Cl^1-,Tl2PtCl6 <=> 2 Tl^1+ +  [PtCl6]^2-,4·10-12,11.4,,Yellow,https://ru.wikipedia.org/wiki/%D0%93%D0%B5%D0%BA%D1%81%D0%B0%D1%85%D0%BB%D0%BE%D1%80%D0%BE%D0%BF%D0%BB%D0%B0%D1%82%D0%B8%D0%BD%D0%B0%D1%82(IV)_%D1%82%D0%B0%D0%BB%D0%BB%D0%B8%D1%8F
TlReO4,Tl^1+,ReO4^1-,TlReO4 <=>  Tl^1+ +  ReO4^1-,1.2·10-5,4.92,,-,-
Tl2S,Tl^1+,S^2-,Tl2S <=> 2 Tl^1+ +  S^2-,5.0·10-21,20.30,,Black blue,https://ru.wikipedia.org/wiki/%D0%A1%D1%83%D0%BB%D1%8C%D1%84%D0%B8%D0%B4_%D0%B4%D0%B8%D1%82%D0%B0%D0%BB%D0%BB%D0%B8%D1%8F
TlSCN,Tl^1+,SCN^1-,TlSCN <=>  Tl^1+ +  SCN^1-,1.7·10-4,3.77,,White,https://ru.wikipedia.org/wiki/%D0%A2%D0%B8%D0%BE%D1%86%D0%B8%D0%B0%D0%BD%D0%B0%D1%82_%D1%82%D0%B0%D0%BB%D0%BB%D0%B8%D1%8F
Tl2SO3,Tl^1+,SO3^2-,Tl2SO3 <=> 2 Tl^1+ +  SO3^2-,6.3·10-4,3.2,,-,-
Tl2SO4,Tl^1+,SO4^2-,Tl2SO4 <=> 2 Tl^1+ +  SO4^2-,4·10-3,2.4,,White,https://en.wikipedia.org/wiki/Thallium(I)_sulfate
Tl2S2O3,Tl^1+,S2O3^2-,Tl2S2O3 <=> 2 Tl^1+ +  S2O3^2-,2.0·10-7,6.70,,-,-
TlVO3,Tl^3+,VO3^3-,TlVO3 <=> Tl^3+ + VO3^3-,5.5·10-9,8.26,,-,-
Tl4V2O7,Tl^1+,V2O7^4-,Tl4V2O7 <=> 4 Tl^1+ +  V2O7^4-,2.6·10-19,18.59,,-,-
UO2CO3,(UO2)^2+,CO3^2-,UO2CO3 <=> (UO2)^2+ + CO3^2-,1.9·10-12,11.73,,Yellow,https://en.wikipedia.org/wiki/Uranyl_carbonate
UO2C2O4,(UO2)^2+,C2O4^2-,UO2C2O4 <=> (UO2)^2+ + C2O4^2-,2·10-4,3.7,,-,-
(UO2)2[Fe(CN)6],(UO2)^2+,[Fe(CN)6]^4-,(UO2)2[Fe(CN)6] <=> 2 (UO2)^2+ + [Fe(CN)6]^4-,7.1·10-14,13.15,,-,-
(UO2)2[Fe(CN)6],"(UO2)^2+ , Fe^2+",CN^1-,(UO2)2[Fe(CN)6] <=> 2 (UO2)^2+ + [Fe(CN)6]^4-,7.1·10-14,13.15,,-,-
(UO2)HAsO4,(UO2)^2+,HAsO4^2-,(UO2)HAsO4 <=> (UO2)^2+ + HAsO4^2-,3.2·10-11,10.50,,-,-
(UO2)HPO4,(UO2)^2+,HPO4^2-,(UO2)HPO4  <=> (UO2)^2+ + HPO4^2-,2.14·10-11,10.67,,-,-
(UO2)(IO3)2,(UO2)^2+,IO3^1-,(UO2)(IO3)2 <=>  (UO2)^2+ + 2 IO3^1-,3·10-8,7.5,,-,-
(UO2)KAsO4,(UO2)^2+,KAsO4^2-,(UO2)KAsO4 <=> (UO2)^2+ + KAsO4^2-,2.5·10-23,22.60,,-,-
(UO2)KPO4,(UO2)^2+,KPO4^2-,(UO2)KPO4 <=> (UO2)^2+ + KPO4^2-,7.8·10-24,23.11,,-,-
(UO2)NH4AsO4,(UO2)^2+,NH4AsO4^2-,(UO2)NH4AsO4 <=> (UO2)^2+ + NH4AsO4^2-,1.7·10-24,23.77,,-,-
(UO2)NH4PO4,(UO2)^2+,NH4PO4^2-,(UO2)NH4PO4 <=> (UO2)^2+ + NH4PO4^2-,4.4·10-27,26.36,,-,-
(UO2)NaAsO4,(UO2)^2+,NaAsO4^2-,(UO2)NaAsO4 <=> (UO2)^2+ + NaAsO4^2-,1.3·10-22,21.87,,-,-
U(OH)3,U^3+,OH^1-,U(OH)3 <=>  U^3+ + 3 OH^1-,1·10-19,19.0,,-,
U(OH)4,U^4+,OH^1-,U(OH)4 <=>  U^4+ + 4 OH^1-,1·10-45,45.0,,-,
(UO2)(OH)2,(UO2)^2+,OH^1-,(UO2)(OH)2 <=>  (UO2)^2+ + 2 OH^1-,1·10-22,22.0,,Yellow,https://en.wikipedia.org/wiki/Uranyl_hydroxide
VO(OH)2,VO^2+,OH^1-,VO(OH)2 <=>  VO^2+ + 2 OH^1-,7.4·10-23,22.13,,Blue-black,https://en.wikipedia.org/wiki/Vanadium(IV)_oxide
V2O5,V^5+,O^2-,V2O5 + H2O <=> 2 VO2^+ + 2 OH^1-,1.6·10-15,14.8,,Yellow,https://en.wikipedia.org/wiki/Vanadium(V)_oxide
(VO)3(PO4)2,VO^2+,PO4^3-,(VO)3(PO4)2 <=> 3 VO^2+ + 2 PO4^3-,8·10-25,24.1,,-,-
W(OH)4,W^4+,OH^1-,W(OH)4 <=>  W^4+ + 4 OH^1-,1·10-50,50.0,,Bronze,https://en.wikipedia.org/wiki/Tungsten(IV)_oxide
Y(OH)3,Y^3+,OH^1-,Y(OH)3 <=>  Y^3+ + 3 OH^1-,3.2·10-25,24.5,,Light yellow,https://ru.wikipedia.org/wiki/%D0%93%D0%B8%D0%B4%D1%80%D0%BE%D0%BA%D1%81%D0%B8%D0%B4_%D0%B8%D1%82%D1%82%D1%80%D0%B8%D1%8F
Zn3(AsO4)2,Zn^2+,AsO4^3-,Zn3(AsO4)2 <=> 3 Zn^2+ + 2 AsO4^3-,1.3·10-27,27.89,,-,-
Zn(CN)2,Zn^2+,CN^1-,Zn(CN)2 <=>  Zn^2+ + 2 CN^1-,2.6·10-13,12.59,,White,https://en.wikipedia.org/wiki/Zinc_cyanide
ZnCO3,Zn^2+,CO3^2-,ZnCO3 <=> Zn^2+ + CO3^2-,1.45·10-11,10.84,,White,https://ru.wikipedia.org/wiki/%D0%9A%D0%B0%D1%80%D0%B1%D0%BE%D0%BD%D0%B0%D1%82_%D1%86%D0%B8%D0%BD%D0%BA%D0%B0
ZnC2O4,Zn^2+,C2O4^2-,ZnC2O4 <=> Zn^2+ + C2O4^2-,2.75·10-8,7.56,,-,-
Zn2[Fe(CN)6],Zn^2+,[Fe(CN)6]^4-,Zn2[Fe(CN)6] <=> 2 Zn^2+ + [Fe(CN)6]^4-,2.1·10-16,15.68,,-,-
Zn2[Fe(CN)6],"Zn^2+ , Fe^2+",CN^1-,Zn2[Fe(CN)6] <=> 2 Zn^2+ + [Fe(CN)6]^4-,2.1·10-16,15.68,,-,-
ZnHg(SCN)4,Zn^2+,Hg(SCN)4^2-,ZnHg(SCN)4 <=> Zn^2+ + Hg(SCN)4^2-,2.2·10-7,6.66,,-,-
ZnHg(SCN)4,"Zn^2+ , Hg^2+",SCN^1-,ZnHg(SCN)4 <=> Zn^2+ + Hg(SCN)4^2-,2.2·10-7,6.66,,-,-
Zn(IO3)2,Zn^2+,IO3^1-,Zn(IO3)2 <=>  Zn^2+ + 2 IO3^1-,2.0·10-8,7.7,,-,-
Zn(OH)2,Zn^2+,OH^1-,Zn(OH)2 <=> - Zn^2+ + 2 OH^1-,1.2·10-17,16.92,,White,https://en.wikipedia.org/wiki/Zinc_hydroxide
Zn(OH)2,Zn^2+,OH^1-,Zn(OH)2 <=> - ZnOH^1+ + OH^1-,3.0·10-13,12.52,,White,https://en.wikipedia.org/wiki/Zinc_hydroxide
Zn3(PO4)2,Zn^2+,PO4^3-,Zn3(PO4)2 <=> 3 Zn^2+ + 2 PO4^3-,9.1·10-33,32.04,,White,https://en.wikipedia.org/wiki/Zinc_phosphate
ZnS,Zn^2+,S^2-,ZnS <=> Zn^2+ + S^2-,1.6·10-24,23.80,α (сфалерит),White,https://en.wikipedia.org/wiki/Zinc_sulfide
ZnS,Zn^2+,S^2-,ZnS <=> Zn^2+ + S^2-,2.5·10-22,21.60,β (вюрцит),White,https://en.wikipedia.org/wiki/Zinc_sulfide
ZnSe,Zn^2+,Se^2-,ZnSe <=> Zn^2+ + Se^2-,1·10-31,31,,Light yellow,https://en.wikipedia.org/wiki/Zinc_selenide
ZnSeO3,Zn^2+,SeO3^2-,ZnSeO3 <=> Zn^2+ + SeO3^2-,1.9·10-8,7.72,,-,-
Zr(OH)4,Zn^4+,OH^1-,Zr(OH)4 <=>  Zn^4+ + 4 OH^1-,1·10-52,52.0,,White,https://en.wikipedia.org/wiki/Zirconium(IV)_hydroxide
Zr(OH)4,Zn^4+,OH^1-,Zr(OH)4 <=>  Zn(OH)2^2+ + 2 OH^1-,3.2·10-26,25.5,,White,https://en.wikipedia.org/wiki/Zirconium(IV)_hydroxide
Zr3(PO4)4,Zn^4+,PO4^3-,Zr3(PO4)4 <=> 3 Zn^4+ + 4 PO4^3-,1·10-132,132,,White,https://en.wikipedia.org/wiki/Zirconium_phosphate